"","Stock","Date","Open","High","Low","Close","Volume","Adj.Close"
"1","^BVSP","2016-07-04",52241,52918,52241,52569,0,52569
"2","^BVSP","2016-07-01",51540,52346,51411,52233,4116100,52233
"3","^BVSP","2016-06-30",51001,51619,50585,51527,4377800,51527
"4","^BVSP","2016-06-29",50009,51229,50009,51002,3970100,51002
"5","^BVSP","2016-06-28",49252,50301,49252,50007,3406400,50007
"6","^BVSP","2016-06-27",50106,50162,48954,49246,3228500,49246
"7","^BVSP","2016-06-24",51561,51561,49544,50105,4139100,50105
"8","^BVSP","2016-06-23",50161,51673,50161,51560,3166800,51560
"9","^BVSP","2016-06-22",50835,51239,50060,50156,3632900,50156
"10","^BVSP","2016-06-21",50326,50870,49678,50838,3349200,50838
"11","^BVSP","2016-06-20",49539,50782,49539,50329,3487000,50329
"12","^BVSP","2016-06-17",49409,50191,49405,49534,4248900,49534
"13","^BVSP","2016-06-16",48901,49412,48067,49412,3887200,49412
"14","^BVSP","2016-06-15",48649,49415,48324,48915,5009800,48915
"15","^BVSP","2016-06-14",49662,49894,48216,48648,3885000,48648
"16","^BVSP","2016-06-13",49419,49764,48804,49661,2630500,49661
"17","^BVSP","2016-06-10",51117,51117,49421,49422,2977400,49422
"18","^BVSP","2016-06-09",51633,51633,50832,51118,3213200,51118
"19","^BVSP","2016-06-08",50490,51812,50490,51629,4206400,51629
"20","^BVSP","2016-06-07",50432,50641,50005,50488,2958800,50488
"21","^BVSP","2016-06-06",50627,50924,50097,50432,0,50432
"22","^BVSP","2016-06-03",49888,50634,49888,50619,3329400,50619
"23","^BVSP","2016-06-02",49008,49906,48781,49887,3525800,49887
"24","^BVSP","2016-06-01",48468,49057,48200,49013,3290000,49013
"25","^BVSP","2016-05-31",48963,49269,48292,48472,0,48472
"26","^BVSP","2016-05-30",49051,49203,48799,48964,1169200,48964
"27","^BVSP","2016-05-27",49481,49805,48869,49051,2711800,49051
"28","^BVSP","2016-05-25",49347,50357,49347,49483,3472600,49483
"29","^BVSP","2016-05-24",49330,50002,49153,49345,3138900,49345
"30","^BVSP","2016-05-23",49709,49709,48695,49330,3412800,49330
"31","^BVSP","2016-05-20",50133,50822,49723,49723,3254500,49723
"32","^BVSP","2016-05-19",50556,50556,49588,50133,3905500,50133
"33","^BVSP","2016-05-18",50836,51373,50301,50562,4072500,50562
"34","^BVSP","2016-05-17",51795,51946,50689,50839,3871100,50839
"35","^BVSP","2016-05-16",51803,52305,51585,51803,3529500,51803
"36","^BVSP","2016-05-13",53236,53250,51366,51804,4314300,51804
"37","^BVSP","2016-05-12",52765,53798,52424,53241,4630400,53241
"38","^BVSP","2016-05-11",53072,53976,52736,52764,4350000,52764
"39","^BVSP","2016-05-10",50994,53071,50994,53071,4079200,53071
"40","^BVSP","2016-05-09",51717,51717,49908,50990,4938400,50990
"41","^BVSP","2016-05-06",51671,52159,51204,51718,3296100,51718
"42","^BVSP","2016-05-05",52569,53071,51311,51671,0,51671
"43","^BVSP","2016-05-04",52253,52672,51931,52553,4263800,52553
"44","^BVSP","2016-05-03",53557,53557,52260,52260,3892400,52260
"45","^BVSP","2016-05-02",53910,54113,53265,53562,3286100,53562
"46","^BVSP","2016-04-29",54317,54705,53592,53911,4898400,53911
"47","^BVSP","2016-04-28",54475,54978,53963,54312,4413500,54312
"48","^BVSP","2016-04-27",53094,54560,53094,54478,4897900,54478
"49","^BVSP","2016-04-26",51867,53108,51838,53083,3749400,53083
"50","^BVSP","2016-04-25",52911,52949,51748,51862,3693200,51862
"51","^BVSP","2016-04-22",53630,53630,52629,52908,4259400,52908
"52","^BVSP","2016-04-20",53711,53857,53149,53631,4554100,53631
"53","^BVSP","2016-04-19",52894,54054,52894,53710,5033900,53710
"54","^BVSP","2016-04-18",53229,53479,52305,52894,4385600,52894
"55","^BVSP","2016-04-15",52414,53390,52414,53228,5047800,53228
"56","^BVSP","2016-04-14",53150,53699,52242,52411,5492100,52411
"57","^BVSP","2016-04-13",52010,53844,52010,53150,6376500,53150
"58","^BVSP","2016-04-12",50166,52327,50166,52002,5146900,52002
"59","^BVSP","2016-04-11",50303,51089,50078,50165,4050700,50165
"60","^BVSP","2016-04-08",48517,50486,48517,50293,5047700,50293
"61","^BVSP","2016-04-07",48099,48940,48099,48513,3059900,48513
"62","^BVSP","2016-04-06",49054,49054,47874,48096,3810000,48096
"63","^BVSP","2016-04-05",48778,49629,48149,49054,3546100,49054
"64","^BVSP","2016-04-04",50556,50556,48600,48780,3556500,48780
"65","^BVSP","2016-04-01",50054,50768,49361,50562,3890600,50562
"66","^DJI","2016-07-01",17924.240234,18002.380859,17916.910156,17949.369141,82160000,17949.369141
"67","^DJI","2016-06-30",17712.759766,17930.609375,17711.800781,17929.990234,133030000,17929.990234
"68","^DJI","2016-06-29",17456.019531,17704.509766,17456.019531,17694.679688,106380000,17694.679688
"69","^DJI","2016-06-28",17190.509766,17409.720703,17190.509766,17409.720703,112190000,17409.720703
"70","^DJI","2016-06-27",17355.210938,17355.210938,17063.080078,17140.240234,138740000,17140.240234
"71","^DJI","2016-06-24",17946.630859,17946.630859,17356.339844,17400.75,2.39e+08,17400.75
"72","^DJI","2016-06-23",17844.109375,18011.070312,17844.109375,18011.070312,98070000,18011.070312
"73","^DJI","2016-06-22",17832.669922,17920.160156,17770.359375,17780.830078,89440000,17780.830078
"74","^DJI","2016-06-21",17827.330078,17877.839844,17799.800781,17829.730469,85130000,17829.730469
"75","^DJI","2016-06-20",17736.869141,17946.359375,17736.869141,17804.869141,99380000,17804.869141
"76","^DJI","2016-06-17",17733.439453,17733.439453,17602.779297,17675.160156,248680000,17675.160156
"77","^DJI","2016-06-16",17602.230469,17754.910156,17471.289062,17733.099609,91950000,17733.099609
"78","^DJI","2016-06-15",17703.650391,17762.960938,17629.009766,17640.169922,94130000,17640.169922
"79","^DJI","2016-06-14",17710.769531,17733.919922,17595.789062,17674.820312,93740000,17674.820312
"80","^DJI","2016-06-13",17830.5,17893.279297,17731.349609,17732.480469,101690000,17732.480469
"81","^DJI","2016-06-10",17938.820312,17938.820312,17812.339844,17865.339844,90540000,17865.339844
"82","^DJI","2016-06-09",17969.980469,18005.220703,17915.880859,17985.189453,69690000,17985.189453
"83","^DJI","2016-06-08",17931.910156,18016,17931.910156,18005.050781,71260000,18005.050781
"84","^DJI","2016-06-07",17936.220703,18003.230469,17936.220703,17938.279297,78750000,17938.279297
"85","^DJI","2016-06-06",17825.689453,17949.679688,17822.810547,17920.330078,71870000,17920.330078
"86","^DJI","2016-06-03",17799.800781,17833.169922,17689.679688,17807.060547,82270000,17807.060547
"87","^DJI","2016-06-02",17789.050781,17838.560547,17703.550781,17838.560547,75560000,17838.560547
"88","^DJI","2016-06-01",17754.550781,17809.179688,17664.789062,17789.669922,78530000,17789.669922
"89","^DJI","2016-05-31",17891.5,17899.240234,17724.029297,17787.199219,147390000,17787.199219
"90","^DJI","2016-05-27",17826.849609,17873.220703,17824.730469,17873.220703,73190000,17873.220703
"91","^DJI","2016-05-26",17859.519531,17888.660156,17803.820312,17828.289062,68940000,17828.289062
"92","^DJI","2016-05-25",17735.089844,17891.710938,17735.089844,17851.509766,79180000,17851.509766
"93","^DJI","2016-05-24",17525.189453,17742.589844,17525.189453,17706.050781,86480000,17706.050781
"94","^DJI","2016-05-23",17507.039062,17550.699219,17480.050781,17492.929688,87790000,17492.929688
"95","^DJI","2016-05-20",17437.320312,17571.75,17437.320312,17500.939453,111990000,17500.939453
"96","^DJI","2016-05-19",17514.160156,17514.160156,17331.070312,17435.400391,95530000,17435.400391
"97","^DJI","2016-05-18",17501.279297,17636.220703,17418.210938,17526.619141,79120000,17526.619141
"98","^DJI","2016-05-17",17701.460938,17701.460938,17469.919922,17529.980469,103260000,17529.980469
"99","^DJI","2016-05-16",17531.759766,17755.800781,17531.759766,17710.710938,88440000,17710.710938
"100","^DJI","2016-05-13",17711.119141,17734.740234,17512.480469,17535.320312,86640000,17535.320312
"101","^DJI","2016-05-12",17711.119141,17798.189453,17625.380859,17720.5,88560000,17720.5
"102","^DJI","2016-05-11",17919.029297,17919.029297,17711.050781,17711.119141,87390000,17711.119141
"103","^DJI","2016-05-10",17726.660156,17934.609375,17726.660156,17928.349609,75790000,17928.349609
"104","^DJI","2016-05-09",17743.849609,17783.160156,17668.380859,17705.910156,85590000,17705.910156
"105","^DJI","2016-05-06",17650.300781,17744.539062,17580.380859,17740.630859,80020000,17740.630859
"106","^DJI","2016-05-05",17664.480469,17736.109375,17615.820312,17660.710938,81530000,17660.710938
"107","^DJI","2016-05-04",17735.019531,17738.060547,17609.009766,17651.259766,95020000,17651.259766
"108","^DJI","2016-05-03",17870.75,17870.75,17670.880859,17750.910156,97060000,17750.910156
"109","^DJI","2016-05-02",17783.779297,17912.349609,17773.710938,17891.160156,80100000,17891.160156
"110","^DJI","2016-04-29",17813.089844,17814.830078,17651.980469,17773.640625,136670000,17773.640625
"111","^DJI","2016-04-28",18023.880859,18035.730469,17796.550781,17830.759766,100920000,17830.759766
"112","^DJI","2016-04-27",17996.140625,18084.660156,17920.259766,18041.550781,109090000,18041.550781
"113","^DJI","2016-04-26",17987.380859,18043.769531,17934.169922,17990.320312,92570000,17990.320312
"114","^DJI","2016-04-25",17990.939453,17990.939453,17855.550781,17977.240234,83770000,17977.240234
"115","^DJI","2016-04-22",17985.050781,18026.849609,17909.890625,18003.75,134120000,18003.75
"116","^DJI","2016-04-21",18092.839844,18107.289062,17963.890625,17982.519531,102720000,17982.519531
"117","^DJI","2016-04-20",18059.490234,18167.630859,18031.210938,18096.269531,100210000,18096.269531
"118","^DJI","2016-04-19",18012.099609,18103.460938,17984.429688,18053.599609,89820000,18053.599609
"119","^DJI","2016-04-18",17890.199219,18009.529297,17848.220703,18004.160156,89390000,18004.160156
"120","^DJI","2016-04-15",17925.949219,17937.650391,17867.410156,17897.460938,118160000,17897.460938
"121","^DJI","2016-04-14",17912.25,17962.140625,17885.439453,17926.429688,84510000,17926.429688
"122","^DJI","2016-04-13",17741.660156,17918.349609,17741.660156,17908.279297,91710000,17908.279297
"123","^DJI","2016-04-12",17571.339844,17744.429688,17553.570312,17721.25,81020000,17721.25
"124","^DJI","2016-04-11",17586.480469,17731.630859,17555.900391,17556.410156,107100000,17556.410156
"125","^DJI","2016-04-08",17555.390625,17694.509766,17528.160156,17576.960938,79990000,17576.960938
"126","^DJI","2016-04-07",17687.279297,17687.279297,17484.230469,17541.960938,90120000,17541.960938
"127","^DJI","2016-04-06",17605.449219,17723.550781,17542.539062,17716.050781,99410000,17716.050781
"128","^DJI","2016-04-05",17718.029297,17718.029297,17579.560547,17603.320312,115230000,17603.320312
"129","^DJI","2016-04-04",17799.390625,17806.380859,17710.669922,17737,85230000,17737
"130","^DJI","2016-04-01",17661.740234,17811.480469,17568.019531,17792.75,104890000,17792.75
"131","^GSPTSE","2016-07-04",14200.099609,14291.599609,14200.099609,14258.900391,116770200,14258.900391
"132","^GSPTSE","2016-06-30",14056.200195,14106.799805,13967.599609,14064.5,246966800,14064.5
"133","^GSPTSE","2016-06-29",13928.700195,14058,13928.700195,14036.700195,235539800,14036.700195
"134","^GSPTSE","2016-06-28",13745.599609,13869.200195,13745.599609,13842.700195,222712600,13842.700195
"135","^GSPTSE","2016-06-27",13856.900391,13856.900391,13609.599609,13689.799805,285929200,13689.799805
"136","^GSPTSE","2016-06-24",14020.5,14020.5,13790.700195,13891.900391,278493000,13891.900391
"137","^GSPTSE","2016-06-23",14071.5,14150.400391,14071.5,14131.400391,179671800,14131.400391
"138","^GSPTSE","2016-06-22",14037.700195,14066.599609,13981.799805,14003.799805,193981600,14003.799805
"139","^GSPTSE","2016-06-21",14007,14049.200195,13956.900391,14012.299805,162875900,14012.299805
"140","^GSPTSE","2016-06-20",13915.299805,14059.400391,13915.299805,14015.099609,192086300,14015.099609
"141","^GSPTSE","2016-06-17",13894.900391,13957.200195,13892,13901.799805,533583700,13901.799805
"142","^GSPTSE","2016-06-16",13907.900391,13907.900391,13814.200195,13882.400391,252326100,13882.400391
"143","^GSPTSE","2016-06-15",13883.900391,13987.599609,13883.900391,13923.5,233766100,13923.5
"144","^GSPTSE","2016-06-14",13981.599609,14000,13855.5,13884.200195,212739400,13884.200195
"145","^GSPTSE","2016-06-13",14035.400391,14078.599609,13958.799805,13993.900391,230786000,13993.900391
"146","^GSPTSE","2016-06-10",14214.799805,14214.799805,14003.700195,14037.5,206559700,14037.5
"147","^GSPTSE","2016-06-09",14270.5,14270.5,14203.400391,14240,204015500,14240
"148","^GSPTSE","2016-06-08",14411.599609,14450.900391,14289.700195,14313.099609,273079700,14313.099609
"149","^GSPTSE","2016-06-07",14272.099609,14365.599609,14272.099609,14365.599609,231774800,14365.599609
"150","^GSPTSE","2016-06-06",14261.200195,14297.5,14236.700195,14276.200195,221587400,14276.200195
"151","^GSPTSE","2016-06-03",14154,14240.299805,14128.200195,14226.799805,225080700,14226.799805
"152","^GSPTSE","2016-06-02",14055.799805,14147.599609,14017.099609,14137,159506200,14137
"153","^GSPTSE","2016-06-01",14017,14066,13959.599609,14063.5,197727200,14063.5
"154","^GSPTSE","2016-05-31",14099.700195,14172.400391,14063.299805,14065.799805,350396100,14065.799805
"155","^GSPTSE","2016-05-30",14119.599609,14124,14068.900391,14086.700195,69147900,14086.700195
"156","^GSPTSE","2016-05-27",14050.5,14130.900391,14045.599609,14105.200195,178296600,14105.200195
"157","^GSPTSE","2016-05-26",14127,14143.5,14049,14049.200195,205325900,14049.200195
"158","^GSPTSE","2016-05-25",13963.700195,14093.299805,13963.700195,14053.700195,225244200,14053.700195
"159","^GSPTSE","2016-05-24",13927.700195,14025.799805,13920.299805,13952.900391,212998300,13952.900391
"160","^GSPTSE","2016-05-20",13863.900391,13962,13863.900391,13919.599609,192297500,13919.599609
"161","^GSPTSE","2016-05-19",13759.099609,13817.299805,13690.200195,13817.299805,245226900,13817.299805
"162","^GSPTSE","2016-05-18",13900.700195,13949.5,13792.200195,13826,270185000,13826
"163","^GSPTSE","2016-05-17",13886.599609,13981.200195,13873.700195,13917.099609,237676600,13917.099609
"164","^GSPTSE","2016-05-16",13807.200195,13930.599609,13807.200195,13893.5,213145800,13893.5
"165","^GSPTSE","2016-05-13",13774.299805,13833.599609,13725.5,13748.599609,221864700,13748.599609
"166","^GSPTSE","2016-05-12",13843.099609,13882.5,13670.200195,13787.799805,229066300,13787.799805
"167","^GSPTSE","2016-05-11",13779,13829.700195,13737.299805,13788.200195,256547100,13788.200195
"168","^GSPTSE","2016-05-10",13582,13798,13582,13775.200195,217451800,13775.200195
"169","^GSPTSE","2016-05-09",13663.599609,13663.599609,13535.5,13563.799805,200744000,13563.799805
"170","^GSPTSE","2016-05-06",13621.799805,13768.400391,13597.599609,13701.5,236543900,13701.5
"171","^GSPTSE","2016-05-05",13683.799805,13758.900391,13578.799805,13632,241876000,13632
"172","^GSPTSE","2016-05-04",13680.700195,13734.099609,13570,13632,242917200,13632
"173","^GSPTSE","2016-05-03",13842.099609,13842.099609,13599.900391,13707.700195,248248100,13707.700195
"174","^GSPTSE","2016-05-02",13963.900391,13963.900391,13836.400391,13865.599609,240760400,13865.599609
"175","^GSPTSE","2016-04-29",13891.700195,13972.599609,13889.200195,13951.5,330816400,13951.5
"176","^GSPTSE","2016-04-28",13874.099609,13966.5,13780.200195,13886.400391,300923200,13886.400391
"177","^GSPTSE","2016-04-27",13833.900391,13902.799805,13823.5,13887.700195,267456600,13887.700195
"178","^GSPTSE","2016-04-26",13821.400391,13862.400391,13793,13809.400391,223152400,13809.400391
"179","^GSPTSE","2016-04-25",13861.099609,13861.099609,13756,13796,182890300,13796
"180","^GSPTSE","2016-04-22",13874.700195,13928.799805,13854.400391,13874,224861200,13874
"181","^GSPTSE","2016-04-21",13924.200195,13963.099609,13844.700195,13881.200195,263388500,13881.200195
"182","^GSPTSE","2016-04-20",13873,13971.799805,13854,13911.299805,302419700,13911.299805
"183","^GSPTSE","2016-04-19",13761.099609,13871.799805,13739.200195,13867.299805,260806600,13867.299805
"184","^GSPTSE","2016-04-18",13595.599609,13730.599609,13548.799805,13719.799805,223276100,13719.799805
"185","^GSPTSE","2016-04-15",13632.200195,13657.599609,13596.200195,13637.200195,201683900,13637.200195
"186","^GSPTSE","2016-04-14",13680,13701.099609,13629.599609,13668.299805,227931800,13668.299805
"187","^GSPTSE","2016-04-13",13617.900391,13703.599609,13608.900391,13671.400391,236988900,13671.400391
"188","^GSPTSE","2016-04-12",13447.5,13632.799805,13444.5,13581.400391,287997300,13581.400391
"189","^GSPTSE","2016-04-11",13422.099609,13529,13422.099609,13422.799805,215507800,13422.799805
"190","^GSPTSE","2016-04-08",13328.400391,13428.799805,13328.400391,13396.700195,223954300,13396.700195
"191","^GSPTSE","2016-04-07",13327.299805,13327.299805,13217.200195,13266.400391,209397600,13266.400391
"192","^GSPTSE","2016-04-06",13308.900391,13348,13237.900391,13347.5,209952600,13347.5
"193","^GSPTSE","2016-04-05",13309.299805,13326.5,13262.200195,13304.700195,181700400,13304.700195
"194","^GSPTSE","2016-04-04",13450,13452.900391,13314.599609,13336.200195,157818600,13336.200195
"195","^GSPTSE","2016-04-01",13404.599609,13440.799805,13323.599609,13440.400391,205610900,13440.400391
"196","^SPBLPGPT","2016-07-04",13958.19043,14034.839844,13958.19043,14034.839844,0,14034.839844
"197","^SPBLPGPT","2016-07-01",13871.240234,13975.160156,13834.230469,13968.389648,0,13968.389648
"198","^SPBLPGPT","2016-06-30",13469.25,13859.410156,13469.25,13856.879883,0,13856.879883
"199","^SPBLPGPT","2016-06-28",13379.080078,13585.200195,13379.019531,13534.009766,0,13534.009766
"200","^SPBLPGPT","2016-06-27",13490.94043,13512.019531,13245.509766,13395.200195,0,13395.200195
"201","^SPBLPGPT","2016-06-24",13767.650391,13930.94043,13480.879883,13488.200195,0,13488.200195
"202","^SPBLPGPT","2016-06-23",13622.910156,13787.290039,13585.099609,13771.849609,0,13771.849609
"203","^SPBLPGPT","2016-06-22",13641.400391,13659.669922,13589.570312,13619.910156,0,13619.910156
"204","^SPBLPGPT","2016-06-21",13643.339844,13674.980469,13576.230469,13633.540039,0,13633.540039
"205","^SPBLPGPT","2016-06-20",13621.389648,13694.120117,13564.839844,13645,0,13645
"206","^SPBLPGPT","2016-06-17",13603.589844,13802.799805,13591.240234,13644.80957,0,13644.80957
"207","^SPBLPGPT","2016-06-16",13701.990234,13872.629883,13574.75,13626.05957,0,13626.05957
"208","^SPBLPGPT","2016-06-15",13439.429688,13753.290039,13417.339844,13695.830078,0,13695.830078
"209","^SPBLPGPT","2016-06-14",13646.230469,13660.860352,13426.129883,13443.459961,0,13443.459961
"210","^SPBLPGPT","2016-06-13",13775.919922,13807.05957,13585.969727,13621.639648,0,13621.639648
"211","^SPBLPGPT","2016-06-10",13986.969727,14023.089844,13758.379883,13775.919922,0,13775.919922
"212","^SPBLPGPT","2016-06-09",13935.69043,13996.110352,13839.629883,13980.629883,0,13980.629883
"213","^SPBLPGPT","2016-06-08",13898.490234,14111.530273,13898.490234,13910.370117,0,13910.370117
"214","^SPBLPGPT","2016-06-07",13989.240234,13989.620117,13861.370117,13900.980469,0,13900.980469
"215","^SPBLPGPT","2016-06-06",13948.469727,13991.599609,13872.969727,13949.139648,0,13949.139648
"216","^SPBLPGPT","2016-06-03",13658.139648,13951.5,13658.099609,13949.099609,0,13949.099609
"217","^SPBLPGPT","2016-06-02",13556.55957,13712.69043,13530.740234,13660.160156,0,13660.160156
"218","^SPBLPGPT","2016-06-01",13543.589844,13567.709961,13489.780273,13555.759766,0,13555.759766
"219","^SPBLPGPT","2016-05-31",13601.040039,13631.580078,13512.959961,13529.700195,0,13529.700195
"220","^SPBLPGPT","2016-05-30",13560.700195,13611.099609,13556.870117,13605.080078,0,13605.080078
"221","^SPBLPGPT","2016-05-27",13573.139648,13626.5,13538.790039,13552.5,0,13552.5
"222","^SPBLPGPT","2016-05-26",13490.94043,13581.259766,13396.839844,13581.259766,0,13581.259766
"223","^SPBLPGPT","2016-05-25",13416.94043,13502.200195,13402.669922,13491.75,0,13491.75
"224","^SPBLPGPT","2016-05-24",13492.900391,13509.05957,13380.709961,13439.240234,0,13439.240234
"225","^SPBLPGPT","2016-05-23",13414.110352,13555.75,13410.849609,13498.150391,0,13498.150391
"226","^SPBLPGPT","2016-05-20",13390.040039,13437.589844,13388.889648,13418.129883,0,13418.129883
"227","^SPBLPGPT","2016-05-19",13566.259766,13571.19043,13396.009766,13416.540039,0,13416.540039
"228","^SPBLPGPT","2016-05-18",13741.360352,13741.360352,13565.860352,13565.860352,0,13565.860352
"229","^SPBLPGPT","2016-05-17",13762.660156,13793.5,13672.280273,13723.540039,0,13723.540039
"230","^SPBLPGPT","2016-05-16",13636.660156,13817.160156,13623.320312,13762.599609,0,13762.599609
"231","^SPBLPGPT","2016-05-13",13570.709961,13765.5,13529.830078,13641.980469,0,13641.980469
"232","^SPBLPGPT","2016-05-12",13510.790039,13587.929688,13473.290039,13523.950195,0,13523.950195
"233","^SPBLPGPT","2016-05-11",13451.769531,13575.980469,13451.769531,13549.480469,0,13549.480469
"234","^SPBLPGPT","2016-05-10",13137.889648,13451.709961,13129.580078,13448.360352,0,13448.360352
"235","^SPBLPGPT","2016-05-09",13333.219727,13341.379883,13124.820312,13143.599609,0,13143.599609
"236","^SPBLPGPT","2016-05-06",13292.580078,13385.959961,13262.679688,13332.009766,0,13332.009766
"237","^SPBLPGPT","2016-05-05",13272.049805,13359.69043,13223.730469,13259.980469,0,13259.980469
"238","^SPBLPGPT","2016-05-04",13542.209961,13543.509766,13235.179688,13267.070312,0,13267.070312
"239","^SPBLPGPT","2016-05-03",13738.509766,13791.610352,13505.919922,13545.05957,0,13545.05957
"240","^SPBLPGPT","2016-05-02",13649.089844,13816.049805,13649.05957,13746,0,13746
"241","^SPBLPGPT","2016-04-29",13501.55957,13704.530273,13501.530273,13703.69043,0,13703.69043
"242","^SPBLPGPT","2016-04-28",13442.889648,13559.669922,13442.889648,13508.700195,0,13508.700195
"243","^SPBLPGPT","2016-04-27",13264.030273,13455.509766,13248.929688,13442.889648,0,13442.889648
"244","^SPBLPGPT","2016-04-26",13175.769531,13267.139648,13116.389648,13263.820312,0,13263.820312
"245","^SPBLPGPT","2016-04-25",13194.660156,13217.700195,13141.349609,13170.160156,0,13170.160156
"246","^SPBLPGPT","2016-04-22",13293.070312,13321.879883,13152.75,13197.089844,0,13197.089844
"247","^SPBLPGPT","2016-04-21",13265.759766,13376.519531,13263.139648,13295.919922,0,13295.919922
"248","^SPBLPGPT","2016-04-20",13252.150391,13357.580078,13242.019531,13242.269531,0,13242.269531
"249","^SPBLPGPT","2016-04-19",12998.360352,13284.959961,12993.469727,13278.480469,0,13278.480469
"250","^SPBLPGPT","2016-04-18",12813.69043,12974.660156,12813.679688,12972.370117,0,12972.370117
"251","^SPBLPGPT","2016-04-15",12767.099609,12823.549805,12726.709961,12814.660156,0,12814.660156
"252","^SPBLPGPT","2016-04-14",13003.650391,13003.650391,12733.799805,12767.490234,0,12767.490234
"253","^SPBLPGPT","2016-04-13",12809.830078,13027.230469,12807.19043,12938.780273,0,12938.780273
"254","^SPBLPGPT","2016-04-12",12537.580078,12835.980469,12468.110352,12801.129883,0,12801.129883
"255","^SPBLPGPT","2016-04-11",11511.480469,12771.269531,11511.480469,12517.379883,0,12517.379883
"256","^SPBLPGPT","2016-04-08",11396.580078,11524.80957,11316.910156,11524.80957,0,11524.80957
"257","^SPBLPGPT","2016-04-07",11682.200195,11773.509766,11372.400391,11410.019531,0,11410.019531
"258","^SPBLPGPT","2016-04-06",11813.150391,11846.419922,11639,11709.120117,0,11709.120117
"259","^SPBLPGPT","2016-04-05",11758.549805,11811.469727,11650.80957,11791.429688,0,11791.429688
"260","^SPBLPGPT","2016-04-04",11868.75,11889.169922,11726.820312,11734.650391,0,11734.650391
"261","^SPBLPGPT","2016-04-01",12112.490234,12119.929688,11885.080078,11890.429688,0,11890.429688
"262","^FTSE","2016-07-04",6577.799805,6612.100098,6514.799805,6522.299805,0,6522.299805
"263","^FTSE","2016-07-01",6504.299805,6587.399902,6498.600098,6577.799805,1066211600,6577.799805
"264","^FTSE","2016-06-30",6360.100098,6504.299805,6310,6504.299805,1515147700,6504.299805
"265","^FTSE","2016-06-29",6140.399902,6360.100098,6140.399902,6360.100098,1458617500,6360.100098
"266","^FTSE","2016-06-28",5982.200195,6170.299805,5982.200195,6140.399902,1545515100,6140.399902
"267","^FTSE","2016-06-27",6138.700195,6138.700195,5958.700195,5982.200195,2430429000,5982.200195
"268","^FTSE","2016-06-24",6338.100098,6338.600098,5788.700195,6138.700195,3761301200,6138.700195
"269","^FTSE","2016-06-23",6261.200195,6380.600098,6261.200195,6338.100098,887921000,6338.100098
"270","^FTSE","2016-06-22",6226.600098,6315.600098,6222,6261.200195,858110900,6261.200195
"271","^FTSE","2016-06-21",6204,6250.200195,6156.200195,6226.600098,816749300,6226.600098
"272","^FTSE","2016-06-20",6021.100098,6236.5,6021.100098,6204,979119000,6204
"273","^FTSE","2016-06-17",5950.5,6046.100098,5950.5,6021.100098,1274460400,6021.100098
"274","^FTSE","2016-06-16",5966.799805,5966.799805,5900,5950.5,791476800,5950.5
"275","^FTSE","2016-06-15",5923.5,6007.5,5923.399902,5966.799805,856010000,5966.799805
"276","^FTSE","2016-06-14",6045,6045,5921.700195,5923.5,954027400,5923.5
"277","^FTSE","2016-06-13",6115.799805,6115.799805,6045,6045,827452100,6045
"278","^FTSE","2016-06-10",6231.899902,6231.899902,6097.200195,6115.799805,725887400,6115.799805
"279","^FTSE","2016-06-09",6301.5,6301.700195,6229.100098,6231.899902,652352500,6231.899902
"280","^FTSE","2016-06-08",6284.5,6304.5,6263.799805,6301.5,643216300,6301.5
"281","^FTSE","2016-06-07",6273.399902,6322.600098,6273.399902,6284.5,669759500,6284.5
"282","^FTSE","2016-06-06",6209.600098,6301.600098,6209.600098,6273.399902,0,6273.399902
"283","^FTSE","2016-06-03",6185.600098,6251.700195,6168.200195,6209.600098,640902800,6209.600098
"284","^FTSE","2016-06-02",6191.899902,6220.299805,6173.100098,6185.600098,866397400,6185.600098
"285","^FTSE","2016-06-01",6230.799805,6233.200195,6151.899902,6191.899902,871135700,6191.899902
"286","^FTSE","2016-05-31",6270.799805,6290.100098,6230.100098,6230.799805,0,6230.799805
"287","^FTSE","2016-05-27",6265.700195,6275.899902,6250.299805,6270.799805,559788200,6270.799805
"288","^FTSE","2016-05-26",6262.899902,6281.700195,6243.5,6265.700195,645606000,6265.700195
"289","^FTSE","2016-05-25",6219.299805,6270.299805,6219.299805,6262.899902,845296300,6262.899902
"290","^FTSE","2016-05-24",6136.399902,6231.899902,6109.600098,6219.299805,808796300,6219.299805
"291","^FTSE","2016-05-23",6156.299805,6173.100098,6122.600098,6136.399902,633421100,6136.399902
"292","^FTSE","2016-05-20",6053.399902,6156.5,6053.399902,6156.299805,757165100,6156.299805
"293","^FTSE","2016-05-19",6165.799805,6165.799805,6050.200195,6053.399902,908399900,6053.399902
"294","^FTSE","2016-05-18",6167.799805,6169.299805,6116,6165.799805,860903500,6165.799805
"295","^FTSE","2016-05-17",6151.399902,6215.899902,6147.200195,6167.799805,736046400,6167.799805
"296","^FTSE","2016-05-16",6138.5,6157.200195,6092.200195,6151.399902,432163600,6151.399902
"297","^FTSE","2016-05-13",6104.200195,6138.5,6060.100098,6138.5,626972100,6138.5
"298","^FTSE","2016-05-12",6162.5,6193.200195,6094.100098,6104.200195,678248300,6104.200195
"299","^FTSE","2016-05-11",6156.700195,6172.700195,6131.200195,6162.5,555870400,6162.5
"300","^FTSE","2016-05-10",6114.799805,6180.200195,6114.799805,6156.700195,643674300,6156.700195
"301","^FTSE","2016-05-09",6125.700195,6177.600098,6108.399902,6114.799805,649410100,6114.799805
"302","^FTSE","2016-05-06",6117.299805,6129.899902,6054.700195,6125.700195,698735000,6125.700195
"303","^FTSE","2016-05-05",6112,6152.600098,6102.299805,6117.299805,0,6117.299805
"304","^FTSE","2016-05-04",6185.600098,6185.600098,6100.799805,6112,752296300,6112
"305","^FTSE","2016-05-03",6241.899902,6270,6159.899902,6185.600098,869478400,6185.600098
"306","^FTSE","2016-04-29",6322.399902,6322.399902,6241.899902,6241.899902,840359500,6241.899902
"307","^FTSE","2016-04-28",6319.899902,6322.399902,6224.5,6322.399902,835904300,6322.399902
"308","^FTSE","2016-04-27",6284.5,6319.899902,6255.200195,6319.899902,801473800,6319.899902
"309","^FTSE","2016-04-26",6260.899902,6297.899902,6260.899902,6284.5,753521000,6284.5
"310","^FTSE","2016-04-25",6310.399902,6324.600098,6249.299805,6260.899902,668018000,6260.899902
"311","^FTSE","2016-04-22",6381.399902,6381.600098,6289.299805,6310.399902,655652900,6310.399902
"312","^FTSE","2016-04-21",6410.299805,6427.299805,6352.899902,6381.399902,806663800,6381.399902
"313","^FTSE","2016-04-20",6405.399902,6421.899902,6367.399902,6410.299805,790310500,6410.299805
"314","^FTSE","2016-04-19",6353.5,6418.299805,6353.5,6405.399902,784224000,6405.399902
"315","^FTSE","2016-04-18",6343.799805,6354.899902,6261.700195,6353.5,594992600,6353.5
"316","^FTSE","2016-04-15",6365.100098,6372.5,6328.200195,6343.799805,757416400,6343.799805
"317","^FTSE","2016-04-14",6362.899902,6373.899902,6335.399902,6365.100098,827513200,6365.100098
"318","^FTSE","2016-04-13",6242.399902,6362.899902,6242.399902,6362.899902,929198000,6362.899902
"319","^FTSE","2016-04-12",6200.100098,6248.299805,6176.299805,6242.399902,669433600,6242.399902
"320","^FTSE","2016-04-11",6204.399902,6229.700195,6165.5,6200.100098,536008900,6200.100098
"321","^FTSE","2016-04-08",6136.899902,6216.299805,6136.899902,6204.399902,603464000,6204.399902
"322","^FTSE","2016-04-07",6161.600098,6204.100098,6119.399902,6136.899902,739096200,6136.899902
"323","^FTSE","2016-04-06",6091.200195,6161.600098,6091.200195,6161.600098,716501500,6161.600098
"324","^FTSE","2016-04-05",6164.700195,6164.700195,6061.899902,6091.200195,801242300,6091.200195
"325","^FTSE","2016-04-04",6146.100098,6202,6132.899902,6164.700195,530284200,6164.700195
"326","^FTSE","2016-04-01",6174.899902,6174.899902,6076.899902,6146.100098,725054600,6146.100098
"327","^IBEX","2016-07-04",8302.900391,8328.099609,8229.400391,8255.900391,216883900,8255.900391
"328","^IBEX","2016-07-01",8240.099609,8304.400391,8134.100098,8268.900391,304249300,8268.900391
"329","^IBEX","2016-06-30",8081.700195,8186.799805,7993.899902,8163.299805,456692600,8163.299805
"330","^IBEX","2016-06-29",7947,8105.299805,7935.100098,8105.299805,407524600,8105.299805
"331","^IBEX","2016-06-28",7836.799805,7916.899902,7793.700195,7835,467336500,7835
"332","^IBEX","2016-06-27",8001.5,8053.200195,7579.799805,7645.5,768018900,7645.5
"333","^IBEX","2016-06-24",8263.599609,8328.400391,7743.399902,7787.700195,108447500,7787.700195
"334","^IBEX","2016-06-23",8758.900391,8912,8684.799805,8885.299805,319105900,8885.290801
"335","^IBEX","2016-06-22",8711.900391,8774.299805,8605.700195,8702,247584300,8701.991182
"336","^IBEX","2016-06-21",8636.900391,8697.900391,8607.700195,8667.299805,272659900,8667.291022
"337","^IBEX","2016-06-20",8592.700195,8652.099609,8578.599609,8647.099609,281896800,8647.090847
"338","^IBEX","2016-06-17",8290.200195,8425.200195,8278.299805,8362,472788200,8361.991527
"339","^IBEX","2016-06-16",8150.700195,8220.599609,8107,8199.900391,331333900,8199.892082
"340","^IBEX","2016-06-15",8216.799805,8315.799805,8193.299805,8250.799805,322391100,8250.791444
"341","^IBEX","2016-06-14",8238.599609,8270.400391,8124.799805,8126.700195,342432200,8126.691961
"342","^IBEX","2016-06-13",8388.200195,8424.900391,8291.5,8303.799805,290427500,8303.791391
"343","^IBEX","2016-06-10",8732.200195,8732.599609,8486.799805,8490.5,388954600,8490.491397
"344","^IBEX","2016-06-09",8806.799805,8832.700195,8751.299805,8769.5,316748600,8769.491114
"345","^IBEX","2016-06-08",8857.900391,8866.900391,8798.200195,8831.400391,252005700,8831.391442
"346","^IBEX","2016-06-07",8873,8945.900391,8865.799805,8894.5,208139400,8894.490987
"347","^IBEX","2016-06-06",8810.099609,8870.900391,8785.599609,8823.5,180467900,8823.491059
"348","^IBEX","2016-06-03",9004.299805,9038.400391,8756.799805,8801.599609,272779100,8801.590691
"349","^IBEX","2016-06-02",8918.599609,9056.599609,8907.5,8957.900391,316094100,8957.891314
"350","^IBEX","2016-06-01",9028.299805,9033.400391,8880.900391,8916.900391,264047200,8916.891355
"351","^IBEX","2016-05-31",9130.5,9155.5,9013.200195,9034,309221200,9033.990846
"352","^IBEX","2016-05-30",9110.900391,9134,9066.5,9116.900391,119753200,9116.891153
"353","^IBEX","2016-05-27",9045.400391,9126.299805,9026.599609,9107.299805,262448800,9107.290576
"354","^IBEX","2016-05-26",9074.400391,9101.799805,9020.400391,9079.200195,383453400,9079.190996
"355","^IBEX","2016-05-25",8988.5,9149.299805,8982.099609,9125,307936100,9124.990754
"356","^IBEX","2016-05-24",8687.299805,8938.799805,8670.900391,8918.099609,208850000,8918.090573
"357","^IBEX","2016-05-23",8776.200195,8809.900391,8677.299805,8714,181046800,8713.99117
"358","^IBEX","2016-05-20",8737.5,8793.799805,8713.799805,8771.200195,172275200,8771.191308
"359","^IBEX","2016-05-19",8745.5,8785.200195,8669.599609,8674.700195,245147900,8674.691405
"360","^IBEX","2016-05-18",8647.299805,8797.200195,8632.799805,8775.099609,201504000,8775.090718
"361","^IBEX","2016-05-17",8743.700195,8829.5,8645.799805,8698.700195,221831300,8698.691381
"362","^IBEX","2016-05-16",8626.400391,8701.599609,8579.799805,8682.099609,120694400,8682.090812
"363","^IBEX","2016-05-13",8622.700195,8752.599609,8596.299805,8721.5,211088900,8721.491163
"364","^IBEX","2016-05-12",8629.400391,8787,8582.200195,8663.099609,247425000,8663.090831
"365","^IBEX","2016-05-11",8773,8793.700195,8614.099609,8663.900391,217295500,8663.891612
"366","^IBEX","2016-05-10",8749.400391,8831.099609,8711.799805,8775.200195,225696500,8775.191304
"367","^IBEX","2016-05-09",8776.099609,8839.700195,8643.599609,8660.799805,249799400,8660.791029
"368","^IBEX","2016-05-06",8659.5,8768.299805,8563.900391,8702.099609,266577400,8702.090792
"369","^IBEX","2016-05-05",8698.200195,8792.5,8660.900391,8689.400391,237813300,8689.391586
"370","^IBEX","2016-05-04",8767.799805,8802.299805,8648.599609,8654.299805,279480200,8654.291035
"371","^IBEX","2016-05-03",9009.400391,9015.099609,8753.700195,8764.900391,297607600,8764.891509
"372","^IBEX","2016-05-02",9066.900391,9092.599609,8980.799805,9022.099609,144920400,9022.090467
"373","^IBEX","2016-04-29",9161.400391,9195.900391,9025.700195,9025.700195,333507900,9025.69105
"374","^IBEX","2016-04-28",9227.599609,9269,9085.5,9269,353270500,9268.990608
"375","^IBEX","2016-04-27",9306.700195,9360.200195,9277,9332.599609,306651800,9332.590153
"376","^IBEX","2016-04-26",9171.900391,9299.5,9162.700195,9283,295440900,9282.990594
"377","^IBEX","2016-04-25",9225.400391,9257.5,9123.700195,9140,232568900,9139.990739
"378","^IBEX","2016-04-22",9183.900391,9244.400391,9161.599609,9232.799805,299600000,9232.790449
"379","^IBEX","2016-04-21",9178.5,9218.700195,9120.599609,9197.200195,324423800,9197.190876
"380","^IBEX","2016-04-20",8948.400391,9161.900391,8940,9147.200195,305434000,9147.190927
"381","^IBEX","2016-04-19",8914.5,9004.200195,8890.200195,8971.299805,293009300,8971.290714
"382","^IBEX","2016-04-18",8703.400391,8891.5,8674.099609,8881.599609,243875900,8881.59061
"383","^IBEX","2016-04-15",8855.400391,8886.599609,8809.299805,8850.900391,275854000,8850.891422
"384","^IBEX","2016-04-14",8854,8870.900391,8743.5,8861.5,343392500,8861.491021
"385","^IBEX","2016-04-13",8660.099609,8820.700195,8596.099609,8820.700195,415148700,8820.691257
"386","^IBEX","2016-04-12",8519.799805,8587.900391,8425.599609,8546.299805,326591700,8546.291145
"387","^IBEX","2016-04-11",8413.400391,8563.400391,8344.400391,8497.599609,270182600,8497.590999
"388","^IBEX","2016-04-08",8309.900391,8462.799805,8309.900391,8427.599609,297771900,8427.59107
"389","^IBEX","2016-04-07",8418.200195,8431.400391,8256.099609,8292.900391,311341800,8292.891988
"390","^IBEX","2016-04-06",8398.799805,8468.900391,8340.200195,8398.599609,287750100,8398.591099
"391","^IBEX","2016-04-05",8483.799805,8491.5,8377.700195,8387.700195,272827800,8387.691696
"392","^IBEX","2016-04-04",8589.299805,8712.900391,8552.200195,8597.5,212417400,8597.491288
"393","^IBEX","2016-04-01",8624.599609,8677.200195,8531.799805,8602.299805,325370400,8602.291088
"394","^SSMI","2016-07-04",8093.700195,8111.700195,8036.200195,8056.700195,0,8056.700195
"395","^SSMI","2016-07-01",8048.200195,8098.299805,8013.799805,8085.200195,60113900,8085.200195
"396","^SSMI","2016-06-30",7944.899902,8030.200195,7923.700195,8020.200195,81380100,8020.200195
"397","^SSMI","2016-06-29",7850.600098,7979,7832.100098,7979,80694800,7979
"398","^SSMI","2016-06-28",7738.899902,7815.700195,7724.299805,7773.799805,109621300,7773.799805
"399","^SSMI","2016-06-27",7696.299805,7765,7573.200195,7594.5,121054600,7594.5
"400","^SSMI","2016-06-24",7506.100098,7879.200195,7475.5,7747.200195,155072400,7747.200195
"401","^SSMI","2016-06-23",7963.399902,8079.5,7943.600098,8023.100098,50984600,8023.100098
"402","^SSMI","2016-06-22",7954.600098,7992.700195,7901.100098,7972.100098,49485500,7972.100098
"403","^SSMI","2016-06-21",7871.700195,7952.100098,7866.100098,7935.799805,56085800,7935.799805
"404","^SSMI","2016-06-20",7850.799805,7931.899902,7837.700195,7900.200195,61451300,7900.200195
"405","^SSMI","2016-06-17",7718.899902,7768.100098,7710.399902,7713.600098,145683400,7713.600098
"406","^SSMI","2016-06-16",7612.200195,7656.200195,7577.600098,7634.700195,73013500,7634.700195
"407","^SSMI","2016-06-15",7686.100098,7759.899902,7679.5,7679.5,61209600,7679.5
"408","^SSMI","2016-06-14",7717.600098,7727.899902,7638.799805,7638.799805,83930400,7638.799805
"409","^SSMI","2016-06-13",7874.700195,7875.600098,7777.5,7782.399902,61343100,7782.399902
"410","^SSMI","2016-06-10",8041.5,8047.5,7909.700195,7922.700195,60629900,7922.700195
"411","^SSMI","2016-06-09",8114.899902,8129.700195,8057.399902,8076.399902,47348200,8076.399902
"412","^SSMI","2016-06-08",8164.600098,8178.399902,8116.799805,8143.799805,43304900,8143.799805
"413","^SSMI","2016-06-07",8179.700195,8220.900391,8174.700195,8215.799805,43620800,8215.799805
"414","^SSMI","2016-06-06",8156.600098,8184.700195,8144.299805,8166,0,8166
"415","^SSMI","2016-06-03",8230.5,8231.5,8096.399902,8148.399902,55724900,8148.399902
"416","^SSMI","2016-06-02",8187.5,8223.200195,8173.399902,8205.799805,50485400,8205.799805
"417","^SSMI","2016-06-01",8191.200195,8239.400391,8167.700195,8185.5,52197800,8185.5
"418","^SSMI","2016-05-31",8281.700195,8290.5,8182.399902,8216.400391,80560900,8216.400391
"419","^SSMI","2016-05-30",8306,8310.900391,8270.5,8277.799805,25136300,8277.799805
"420","^SSMI","2016-05-27",8278.5,8307.599609,8258,8292.5,47289800,8292.5
"421","^SSMI","2016-05-26",8180.299805,8234.299805,8159.700195,8229.599609,50209400,8229.599609
"422","^SSMI","2016-05-25",8151.100098,8187.700195,8140.899902,8167.600098,53224600,8167.600098
"423","^SSMI","2016-05-24",7982.200195,8138.100098,7979.5,8125.200195,51348700,8125.200195
"424","^SSMI","2016-05-23",8012,8074.100098,7968.600098,8038.5,47668700,8038.5
"425","^SSMI","2016-05-20",7947.5,8011.299805,7944.600098,7997.299805,62022600,7997.299805
"426","^SSMI","2016-05-19",7943.5,7961.5,7904.100098,7908.799805,60899900,7908.799805
"427","^SSMI","2016-05-18",7887.299805,7973.899902,7886.5,7973.899902,54998900,7973.899902
"428","^SSMI","2016-05-17",7931,7977.700195,7878.5,7906.799805,61839300,7906.799805
"429","^SSMI","2016-05-13",7844.600098,7947.899902,7829,7925.799805,51116000,7925.799805
"430","^SSMI","2016-05-12",7891.700195,7971.600098,7846.700195,7885.899902,58042900,7885.899902
"431","^SSMI","2016-05-11",7938.5,7938.5,7889.299805,7937.899902,45806500,7937.899902
"432","^SSMI","2016-05-10",7896.600098,7959.700195,7883.399902,7934.899902,49548700,7934.899902
"433","^SSMI","2016-05-09",7784.299805,7845.100098,7756.600098,7825,46703700,7825
"434","^SSMI","2016-05-06",7743,7758.5,7689.5,7735.600098,51326600,7735.600098
"435","^SSMI","2016-05-05",7853.100098,7882.299805,7752.399902,7753,0,7753
"436","^SSMI","2016-05-04",7853.100098,7882.299805,7752.399902,7753,48425600,7753
"437","^SSMI","2016-05-03",7938.5,7940.700195,7817.399902,7850.700195,64429700,7850.700195
"438","^SSMI","2016-05-02",7985.299805,7993.600098,7958.100098,7977.799805,27464500,7977.799805
"439","^SSMI","2016-04-29",8025.799805,8025.799805,7938.899902,7960.899902,62279800,7960.899902
"440","^SSMI","2016-04-28",8053,8102.299805,7981,8099.399902,44584400,8099.399902
"441","^SSMI","2016-04-27",8087.899902,8108.399902,8056.799805,8096.799805,43057300,8096.799805
"442","^SSMI","2016-04-26",8119.899902,8132.600098,8062.200195,8077.200195,51525900,8077.200195
"443","^SSMI","2016-04-25",8122.5,8140.399902,8046.299805,8079.899902,46678000,8079.899902
"444","^SSMI","2016-04-22",8135.5,8135.700195,8096.200195,8109.399902,59253500,8109.399902
"445","^SSMI","2016-04-21",8208.599609,8210.900391,8080.899902,8159.700195,65655700,8159.700195
"446","^SSMI","2016-04-20",8138,8188,8108.399902,8187,58231400,8187
"447","^SSMI","2016-04-19",8074.100098,8158,8065.5,8152.799805,48843900,8152.799805
"448","^SSMI","2016-04-18",7950.299805,8048.5,7924,8044.600098,36599300,8044.600098
"449","^SSMI","2016-04-15",8000.100098,8033.299805,7956.899902,8014.600098,56584300,8014.600098
"450","^SSMI","2016-04-14",7949.200195,8031,7939.700195,8021,53915000,8021
"451","^SSMI","2016-04-13",7842.799805,7934.5,7833.700195,7934.5,70037700,7934.5
"452","^SSMI","2016-04-12",7718.200195,7795.899902,7676.700195,7788.799805,48823500,7788.799805
"453","^SSMI","2016-04-11",7752.399902,7810.200195,7706,7751.600098,49978400,7751.600098
"454","^SSMI","2016-04-08",7792.799805,7817.600098,7766,7817.600098,55131500,7817.600098
"455","^SSMI","2016-04-07",7793,7830,7745.5,7761.399902,53890600,7761.399902
"456","^SSMI","2016-04-06",7650,7769.100098,7629.700195,7768.200195,57688400,7768.200195
"457","^SSMI","2016-04-05",7660.5,7681,7611.600098,7673.700195,72621500,7673.700195
"458","^SSMI","2016-04-04",7679.399902,7757.5,7646.700195,7731.799805,53134400,7731.799805
"459","^SSMI","2016-04-01",7688.600098,7700.100098,7607.700195,7688.299805,61747600,7688.299805
"460","^N225","2016-07-04",15554.040039,15805.30957,15553.919922,15775.799805,105200,15775.799805
"461","^N225","2016-07-01",15698.019531,15765,15635.570312,15682.480469,116300,15682.480469
"462","^N225","2016-06-30",15752.709961,15781.69043,15575.919922,15575.919922,146200,15575.919922
"463","^N225","2016-06-29",15523.349609,15626.660156,15398.30957,15566.830078,143000,15566.830078
"464","^N225","2016-06-28",15094.709961,15443.820312,14987.790039,15323.139648,175500,15323.139648
"465","^N225","2016-06-27",15153.080078,15323.950195,15061.660156,15309.209961,157000,15309.209961
"466","^N225","2016-06-24",16333.870117,16389.169922,14864.009766,14952.019531,255100,14952.019531
"467","^N225","2016-06-23",16098.610352,16263.870117,16057.860352,16238.349609,107500,16238.349609
"468","^N225","2016-06-22",16095.80957,16160.990234,15980.650391,16065.719727,108300,16065.719727
"469","^N225","2016-06-21",15875.80957,16202.299805,15770.959961,16169.110352,117300,16169.110352
"470","^N225","2016-06-20",15839.05957,16035.44043,15835.860352,15965.299805,128000,15965.299805
"471","^N225","2016-06-17",15631.790039,15774.870117,15582.94043,15599.660156,162200,15599.660156
"472","^N225","2016-06-16",15871.219727,15913.080078,15395.980469,15434.139648,149600,15434.139648
"473","^N225","2016-06-15",15799.070312,15997.299805,15752.009766,15919.580078,132700,15919.580078
"474","^N225","2016-06-14",16001.19043,16082.5,15762.089844,15859,0,15859
"475","^N225","2016-06-13",16319.110352,16335.379883,16019.179688,16019.179688,0,16019.179688
"476","^N225","2016-06-10",16637.509766,16643.359375,16496.109375,16601.359375,150400,16601.359375
"477","^N225","2016-06-09",16742.029297,16785.830078,16587.769531,16668.410156,0,16668.410156
"478","^N225","2016-06-08",16722.490234,16830.919922,16581.710938,16830.919922,108700,16830.919922
"479","^N225","2016-06-07",16651.050781,16701.009766,16536.230469,16675.449219,105700,16675.449219
"480","^N225","2016-06-06",16373.320312,16581.300781,16322.639648,16580.029297,118500,16580.029297
"481","^N225","2016-06-03",16599.509766,16716.140625,16554.599609,16642.230469,107300,16642.230469
"482","^N225","2016-06-02",16817.259766,16819.849609,16525.470703,16562.550781,138500,16562.550781
"483","^N225","2016-06-01",17097.220703,17145.949219,16908.919922,16955.730469,129700,16955.730469
"484","^N225","2016-05-31",17029.460938,17251.359375,16988.640625,17234.980469,152000,17234.980469
"485","^N225","2016-05-30",16973.720703,17068.019531,16910.189453,17068.019531,97300,17068.019531
"486","^N225","2016-05-27",16830.5,16901.089844,16792.730469,16834.839844,108400,16834.839844
"487","^N225","2016-05-26",16927.689453,16957.560547,16743.169922,16772.460938,118300,16772.460938
"488","^N225","2016-05-25",16764.349609,16806.029297,16731.119141,16757.349609,104200,16757.349609
"489","^N225","2016-05-24",16605.039062,16605.039062,16471.369141,16498.759766,106400,16498.759766
"490","^N225","2016-05-23",16671.279297,16691.5,16417.839844,16654.599609,0,16654.599609
"491","^N225","2016-05-20",16594.990234,16770.869141,16548.339844,16736.349609,122500,16736.349609
"492","^N225","2016-05-19",16807.460938,16841.039062,16590.160156,16646.660156,0,16646.660156
"493","^N225","2016-05-18",16611.400391,16795.470703,16513.169922,16644.689453,160100,16644.689453
"494","^N225","2016-05-17",16618.949219,16655.890625,16509.310547,16652.800781,114100,16652.800781
"495","^N225","2016-05-16",16391.919922,16632.619141,16391.919922,16466.400391,121300,16466.400391
"496","^N225","2016-05-13",16804.169922,16804.169922,16400.869141,16412.210938,166500,16412.210938
"497","^N225","2016-05-12",16459.689453,16658.070312,16374.589844,16646.339844,134500,16646.339844
"498","^N225","2016-05-11",16736.720703,16814.640625,16536.609375,16579.009766,139200,16579.009766
"499","^N225","2016-05-10",16307.5,16587.630859,16229.150391,16565.189453,0,16565.189453
"500","^N225","2016-05-09",16226.589844,16292.860352,16159.30957,16216.030273,0,16216.030273
"501","^N225","2016-05-06",16212.669922,16271.610352,15989.349609,16106.719727,148100,16106.719727
"502","^N225","2016-05-02",16357.099609,16357.099609,15975.469727,16147.379883,174500,16147.379883
"503","^N225","2016-04-28",17438.990234,17572.269531,16652.740234,16666.050781,226100,16666.050781
"504","^N225","2016-04-27",17369.679688,17417.539062,17230.230469,17290.490234,136700,17290.490234
"505","^N225","2016-04-26",17358.560547,17426.019531,17200.5,17353.279297,156800,17353.279297
"506","^N225","2016-04-25",17613.560547,17613.560547,17403.580078,17439.300781,166500,17439.300781
"507","^N225","2016-04-22",17220.470703,17572.490234,17192.390625,17572.490234,221500,17572.490234
"508","^N225","2016-04-21",17187.269531,17381.699219,17144.529297,17363.619141,160900,17363.619141
"509","^N225","2016-04-20",17053.830078,17099.359375,16870.730469,16906.539062,139600,16906.539062
"510","^N225","2016-04-19",16582.660156,16900.330078,16570.5,16874.439453,141300,16874.439453
"511","^N225","2016-04-18",16521.25,16526.900391,16254.200195,16275.950195,0,16275.950195
"512","^N225","2016-04-15",16720.390625,16928.669922,16720.390625,16848.029297,129300,16848.029297
"513","^N225","2016-04-14",16629.830078,16911.050781,16602.169922,16911.050781,170100,16911.050781
"514","^N225","2016-04-13",16142.709961,16405.589844,16132.230469,16381.219727,154000,16381.219727
"515","^N225","2016-04-12",15719.240234,15963.030273,15693.610352,15928.790039,0,15928.790039
"516","^N225","2016-04-11",15761.570312,15778.740234,15525.490234,15751.129883,126000,15751.129883
"517","^N225","2016-04-08",15597.040039,16027.629883,15471.799805,15821.519531,171500,15821.519531
"518","^N225","2016-04-07",15739.259766,15871.099609,15636.209961,15749.839844,141600,15749.839844
"519","^N225","2016-04-06",15727.700195,15828.610352,15612.910156,15715.360352,146000,15715.360352
"520","^N225","2016-04-05",16044.230469,16066.179688,15698.549805,15732.820312,153400,15732.820312
"521","^N225","2016-04-04",16087.759766,16238.509766,16029.5,16123.269531,140500,16123.269531
"522","^N225","2016-04-01",16719.560547,16719.560547,16113.009766,16164.160156,173000,16164.160156
"523","^HSI","2016-07-04",20967.470703,21166.019531,20840.640625,21059.199219,1838333600,21059.199219
"524","^HSI","2016-06-30",20736.849609,20828.029297,20614.650391,20794.369141,2032778200,20794.369141
"525","^HSI","2016-06-29",20217.070312,20456.580078,20217.070312,20436.119141,1566228200,20436.119141
"526","^HSI","2016-06-28",19898.75,20196.199219,19898.75,20172.460938,1919984000,20172.460938
"527","^HSI","2016-06-27",19982.660156,20329.160156,19969.470703,20227.300781,1789673800,20227.300781
"528","^HSI","2016-06-24",20483.509766,21034.179688,19662.699219,20259.130859,3953268800,20259.130859
"529","^HSI","2016-06-23",20862.589844,20889.050781,20753.939453,20868.339844,1663934000,20868.339844
"530","^HSI","2016-06-22",20553.939453,20841.509766,20515.25,20795.119141,1835867600,20795.119141
"531","^HSI","2016-06-21",20522.359375,20681.789062,20516.730469,20668.439453,1608985100,20668.439453
"532","^HSI","2016-06-20",20425.060547,20551.019531,20288.490234,20510.199219,1565765000,20510.199219
"533","^HSI","2016-06-17",20244.230469,20282.039062,20090.800781,20169.980469,2193634000,20169.980469
"534","^HSI","2016-06-16",20284.910156,20297.400391,19964.369141,20038.419922,1901944200,20038.419922
"535","^HSI","2016-06-15",20161.009766,20553.580078,20161.009766,20467.519531,1729131200,20467.519531
"536","^HSI","2016-06-14",20476.75,20537.919922,20358.939453,20387.529297,1498720500,20387.529297
"537","^HSI","2016-06-13",20647.509766,20664.589844,20430.810547,20512.990234,2083433200,20512.990234
"538","^HSI","2016-06-10",21240.080078,21270.619141,21017.980469,21042.640625,1640607200,21042.640625
"539","^HSI","2016-06-08",21294.269531,21352.369141,21179.949219,21297.880859,1506480000,21297.880859
"540","^HSI","2016-06-07",21218.960938,21351.330078,21153.679688,21328.240234,1820198000,21328.240234
"541","^HSI","2016-06-06",20971.130859,21039.869141,20840.949219,21030.220703,1431229200,21030.220703
"542","^HSI","2016-06-03",20956.080078,21049.199219,20887.789062,20947.240234,1869294400,20947.240234
"543","^HSI","2016-06-02",20769.810547,20878.210938,20680.650391,20859.220703,1988238400,20859.220703
"544","^HSI","2016-06-01",20726.529297,20898.449219,20713.289062,20760.980469,1422260700,20760.980469
"545","^HSI","2016-05-31",20617.330078,20974.710938,20617.330078,20815.089844,3129577600,20815.089844
"546","^HSI","2016-05-30",20523.669922,20765.609375,20465.839844,20629.390625,1793022000,20629.390625
"547","^HSI","2016-05-27",20425,20620.150391,20290.839844,20576.769531,1611353900,20576.769531
"548","^HSI","2016-05-26",20373.480469,20404.730469,20249.960938,20397.109375,1347013200,20397.109375
"549","^HSI","2016-05-25",20156.759766,20379.660156,20156.759766,20368.050781,2040761200,20368.050781
"550","^HSI","2016-05-24",19828.019531,19870.160156,19712.669922,19830.429688,1174095900,19830.429688
"551","^HSI","2016-05-23",19788.130859,19955.029297,19750.619141,19809.029297,1086593700,19809.029297
"552","^HSI","2016-05-20",19631.710938,19954.330078,19631.710938,19852.199219,1247729300,19852.199219
"553","^HSI","2016-05-19",19729.630859,19793.460938,19646.349609,19694.330078,1148089000,19694.330078
"554","^HSI","2016-05-18",19862.419922,19923.830078,19749.289062,19826.410156,1351584400,19826.410156
"555","^HSI","2016-05-17",19987.240234,20145.769531,19847.699219,20118.800781,1568659300,20118.800781
"556","^HSI","2016-05-16",19711.769531,19998.759766,19705.910156,19883.949219,1486067400,19883.949219
"557","^HSI","2016-05-13",19843.490234,19881.910156,19594.609375,19719.289062,1758498600,19719.289062
"558","^HSI","2016-05-12",20100.5,20100.5,19863.619141,19915.460938,1150409200,19915.460938
"559","^HSI","2016-05-11",20347.759766,20347.759766,20008.919922,20055.289062,1337926500,20055.289062
"560","^HSI","2016-05-10",19962.429688,20294.460938,19962.429688,20242.679688,1446925800,20242.679688
"561","^HSI","2016-05-09",20279.900391,20303.189453,20125.779297,20156.810547,1323285400,20156.810547
"562","^HSI","2016-05-06",20357.449219,20377.939453,20058.769531,20109.869141,1725801800,20109.869141
"563","^HSI","2016-05-05",20363.859375,20534.759766,20342.75,20449.820312,1354977100,20449.820312
"564","^HSI","2016-05-04",20556.5,20580.380859,20411.410156,20525.830078,1555895400,20525.830078
"565","^HSI","2016-05-03",21061.769531,21061.769531,20668.369141,20676.939453,1707676400,20676.939453
"566","^HSI","2016-04-29",21215.199219,21235.390625,21023.769531,21067.050781,1603138400,21067.050781
"567","^HSI","2016-04-28",21488.960938,21654.070312,21255.419922,21388.029297,1684154400,21388.029297
"568","^HSI","2016-04-27",21372.330078,21442.509766,21277.039062,21361.599609,1247249600,21361.599609
"569","^HSI","2016-04-26",21380.019531,21419.919922,21080.880859,21407.269531,1346786700,21407.269531
"570","^HSI","2016-04-25",21408.560547,21430.570312,21254.460938,21304.439453,1199972500,21304.439453
"571","^HSI","2016-04-22",21448.150391,21495.789062,21358.529297,21467.039062,1282700700,21467.039062
"572","^HSI","2016-04-21",21406.400391,21634.740234,21331.589844,21622.25,1709117600,21622.25
"573","^HSI","2016-04-20",21452.820312,21452.820312,21103.339844,21236.310547,1716745600,21236.310547
"574","^HSI","2016-04-19",21438.130859,21459.039062,21259.169922,21436.210938,1462091100,21436.210938
"575","^HSI","2016-04-18",21129.679688,21172,21002.769531,21161.5,1426843200,21161.5
"576","^HSI","2016-04-15",21374.650391,21423.060547,21234.119141,21316.470703,1413648900,21316.470703
"577","^HSI","2016-04-14",21456.609375,21511.080078,21266.210938,21337.810547,2054279800,21337.810547
"578","^HSI","2016-04-13",20739.339844,21171.289062,20716.910156,21158.710938,2500342000,21158.710938
"579","^HSI","2016-04-12",20440.720703,20546.429688,20407.820312,20504.439453,997121600,20504.439453
"580","^HSI","2016-04-11",20255.839844,20550.949219,20240.689453,20440.810547,1234203400,20440.810547
"581","^HSI","2016-04-08",20061.599609,20370.439453,20045.470703,20370.400391,1435612200,20370.400391
"582","^HSI","2016-04-07",20297.820312,20370.519531,20165.759766,20266.050781,1493940300,20266.050781
"583","^HSI","2016-04-06",20100,20249.839844,20100,20206.669922,1338272400,20206.669922
"584","^HSI","2016-04-05",20311.859375,20311.859375,20116.869141,20177,1876707600,20177
"585","^HSI","2016-04-04",20786.179688,20786.179688,20455.410156,20498.919922,1684118200,20498.919922
"586","^HSI","2016-04-01",20786.179688,20786.179688,20455.410156,20498.919922,1633594800,20498.919922
"587","^BSESN","2016-07-04",27314.439453,27385.660156,27251.060547,27278.759766,8300,27278.759766
"588","^BSESN","2016-07-01",27064.330078,27243.359375,27061.400391,27144.910156,10000,27144.910156
"589","^BSESN","2016-06-30",26926.169922,27069.230469,26872.589844,26999.720703,8600,26999.720703
"590","^BSESN","2016-06-29",26627.150391,26776.169922,26606.310547,26740.390625,7700,26740.390625
"591","^BSESN","2016-06-28",26410.660156,26583.330078,26378.460938,26524.550781,8100,26524.550781
"592","^BSESN","2016-06-27",26347.810547,26493.509766,26262.720703,26402.960938,18300,26402.960938
"593","^BSESN","2016-06-24",26367.480469,26435.849609,25911.330078,26397.710938,24400,26397.710938
"594","^BSESN","2016-06-23",26753.199219,27060.980469,26736.519531,27002.220703,9300,27002.220703
"595","^BSESN","2016-06-22",26791.679688,26887.289062,26617.449219,26765.650391,7700,26765.650391
"596","^BSESN","2016-06-21",26907.419922,26925.640625,26754.599609,26812.779297,7000,26812.779297
"597","^BSESN","2016-06-20",26497.109375,26885.490234,26447.880859,26866.919922,9500,26866.919922
"598","^BSESN","2016-06-17",26653.849609,26730.550781,26538.509766,26625.910156,9300,26625.910156
"599","^BSESN","2016-06-16",26686.029297,26686.029297,26314.910156,26525.460938,12600,26525.460938
"600","^BSESN","2016-06-15",26500.789062,26752.589844,26446.589844,26726.339844,12300,26726.339844
"601","^BSESN","2016-06-14",26482.5,26485.449219,26264.810547,26395.710938,7800,26395.710938
"602","^BSESN","2016-06-13",26468.269531,26468.269531,26262.269531,26396.769531,9100,26396.769531
"603","^BSESN","2016-06-10",26742.259766,26972.060547,26620.5,26635.75,10100,26635.75
"604","^BSESN","2016-06-09",26994.480469,26994.910156,26692.349609,26763.460938,10100,26763.460938
"605","^BSESN","2016-06-08",27085.240234,27105.410156,26973.710938,27020.660156,12500,27020.660156
"606","^BSESN","2016-06-07",26833.539062,27082.630859,26829.529297,27009.669922,14800,27009.669922
"607","^BSESN","2016-06-06",26897.839844,26901.419922,26729.539062,26777.449219,8700,26777.449219
"608","^BSESN","2016-06-03",26919.230469,27008.140625,26792.070312,26843.029297,13000,26843.029297
"609","^BSESN","2016-06-02",26694.279297,26885.160156,26641.019531,26843.140625,11100,26843.140625
"610","^BSESN","2016-06-01",26684.460938,26857.25,26671.859375,26713.929688,13400,26713.929688
"611","^BSESN","2016-05-31",26817.75,26837.199219,26561.580078,26667.960938,26500,26667.960938
"612","^BSESN","2016-05-30",26694.75,26794.960938,26623.330078,26725.599609,14800,26725.599609
"613","^BSESN","2016-05-27",26415.929688,26677.429688,26405.279297,26653.599609,20800,26653.599609
"614","^BSESN","2016-05-26",26008.25,26398.939453,25941.509766,26366.679688,13900,26366.679688
"615","^BSESN","2016-05-25",25432.099609,25897.869141,25430.589844,25881.169922,9500,25881.169922
"616","^BSESN","2016-05-24",25256.970703,25340.470703,25181.470703,25305.470703,10700,25305.470703
"617","^BSESN","2016-05-23",25447.720703,25519.259766,25207.779297,25230.359375,11300,25230.359375
"618","^BSESN","2016-05-20",25428.419922,25506.060547,25251.900391,25301.900391,13600,25301.900391
"619","^BSESN","2016-05-19",25713.839844,25714.560547,25351.990234,25399.720703,14400,25399.720703
"620","^BSESN","2016-05-18",25671.480469,25747,25503.400391,25704.609375,9800,25704.609375
"621","^BSESN","2016-05-17",25756.140625,25927.310547,25733.759766,25773.609375,11400,25773.609375
"622","^BSESN","2016-05-16",25528.800781,25688.460938,25351.619141,25653.230469,12900,25653.230469
"623","^BSESN","2016-05-13",25739.939453,25743.689453,25400.269531,25489.570312,12500,25489.570312
"624","^BSESN","2016-05-12",25684.599609,25827.029297,25620.269531,25790.220703,9800,25790.220703
"625","^BSESN","2016-05-11",25548.970703,25762.490234,25409.240234,25597.019531,9300,25597.019531
"626","^BSESN","2016-05-10",25682.980469,25809.929688,25614.240234,25772.529297,10500,25772.529297
"627","^BSESN","2016-05-09",25321.830078,25709.679688,25302.859375,25688.859375,11700,25688.859375
"628","^BSESN","2016-05-06",25223.669922,25260.480469,25057.929688,25228.5,11300,25228.5
"629","^BSESN","2016-05-05",25187.660156,25394.099609,25162.939453,25262.210938,11300,25262.210938
"630","^BSESN","2016-05-04",25210.869141,25245.699219,25061.039062,25101.730469,15800,25101.730469
"631","^BSESN","2016-05-03",25500.140625,25705.960938,25192.939453,25229.699219,11000,25229.699219
"632","^BSESN","2016-05-02",25565.439453,25565.439453,25341.140625,25436.970703,7700,25436.970703
"633","^BSESN","2016-04-29",25612.910156,25755.429688,25424.029297,25606.619141,14600,25606.619141
"634","^BSESN","2016-04-28",26078.279297,26100.539062,25561.169922,25603.099609,14600,25603.099609
"635","^BSESN","2016-04-27",25956.419922,26092.929688,25885.240234,26064.119141,11200,26064.119141
"636","^BSESN","2016-04-26",25604.919922,26055,25549.050781,26007.300781,11200,26007.300781
"637","^BSESN","2016-04-25",25891.029297,25891.029297,25585.929688,25678.929688,8200,25678.929688
"638","^BSESN","2016-04-22",25892.490234,25922.019531,25771.880859,25838.140625,13400,25838.140625
"639","^BSESN","2016-04-21",25979.679688,26080.070312,25783.119141,25880.380859,18100,25880.380859
"640","^BSESN","2016-04-20",25942.339844,25956.339844,25716.810547,25844.179688,11300,25844.179688
"641","^BSESN","2016-04-18",25833.160156,25870.029297,25634.119141,25816.359375,8500,25816.359375
"642","^BSESN","2016-04-13",25358.419922,25671.5,25358.419922,25626.75,14600,25626.75
"643","^BSESN","2016-04-12",25056.470703,25180.019531,24996.439453,25145.589844,11500,25145.589844
"644","^BSESN","2016-04-11",24789.400391,25049.919922,24523.199219,25022.160156,25900,25022.160156
"645","^BSESN","2016-04-08",24665.800781,24736.029297,24608.509766,24673.839844,9700,24673.839844
"646","^BSESN","2016-04-07",24998.789062,25013.130859,24647.480469,24685.419922,19200,24685.419922
"647","^BSESN","2016-04-06",24978.859375,25000.650391,24834.160156,24900.630859,10300,24900.630859
"648","^BSESN","2016-04-05",25372.439453,25372.439453,24837.509766,24883.589844,14800,24883.589844
"649","^BSESN","2016-04-04",25333.980469,25424.150391,25223.490234,25399.650391,7800,25399.650391
"650","^BSESN","2016-04-01",25301.699219,25354.939453,25119.349609,25269.640625,11400,25269.640625
"651","^AXJO","2016-07-04",5246.600098,5281.799805,5218.5,5281.799805,0,5281.799805
"652","^AXJO","2016-07-01",5233.399902,5278.899902,5233.399902,5246.600098,0,5246.600098
"653","^AXJO","2016-06-30",5142.399902,5247.600098,5142.399902,5233.399902,0,5233.399902
"654","^AXJO","2016-06-29",5103.299805,5156.5,5103.299805,5142.399902,0,5142.399902
"655","^AXJO","2016-06-28",5137.200195,5137.200195,5051.100098,5103.299805,0,5103.299805
"656","^AXJO","2016-06-27",5113.200195,5154.899902,5051,5137.200195,0,5137.200195
"657","^AXJO","2016-06-24",5280.700195,5325.399902,5080,5113.200195,0,5113.200195
"658","^AXJO","2016-06-23",5271,5292.799805,5269.399902,5280.700195,0,5280.700195
"659","^AXJO","2016-06-22",5274.399902,5297.799805,5259.299805,5270.899902,0,5270.899902
"660","^AXJO","2016-06-21",5256.799805,5290,5252.299805,5274.399902,0,5274.399902
"661","^AXJO","2016-06-20",5162.700195,5256.799805,5162.700195,5256.799805,0,5256.799805
"662","^AXJO","2016-06-17",5146,5178.399902,5146,5162.700195,0,5162.700195
"663","^AXJO","2016-06-16",5147.100098,5198.899902,5141,5146,0,5146
"664","^AXJO","2016-06-15",5203.299805,5203.299805,5147.100098,5147.100098,0,5147.100098
"665","^AXJO","2016-06-14",5312.600098,5312.600098,5197.399902,5203.299805,0,5203.299805
"666","^AXJO","2016-06-10",5361.899902,5361.899902,5294.200195,5312.600098,0,5312.600098
"667","^AXJO","2016-06-09",5370,5386,5336,5361.899902,0,5361.899902
"668","^AXJO","2016-06-08",5371,5375.5,5335.200195,5370,0,5370
"669","^AXJO","2016-06-07",5360.100098,5392.5,5360.100098,5371,0,5371
"670","^AXJO","2016-06-06",5318.899902,5374.899902,5317.100098,5360.399902,0,5360.399902
"671","^AXJO","2016-06-03",5278.899902,5324.299805,5278.899902,5318.899902,0,5318.899902
"672","^AXJO","2016-06-02",5323.200195,5327.799805,5270.899902,5278.899902,0,5278.899902
"673","^AXJO","2016-06-01",5378.600098,5378.600098,5306.299805,5323.200195,0,5323.200195
"674","^AXJO","2016-05-31",5408,5408,5365.299805,5378.600098,0,5378.600098
"675","^AXJO","2016-05-30",5405.899902,5415,5391.5,5408,0,5408
"676","^AXJO","2016-05-27",5388.100098,5427.700195,5388.100098,5405.899902,0,5405.899902
"677","^AXJO","2016-05-26",5372.5,5402.700195,5354.100098,5388.100098,0,5388.100098
"678","^AXJO","2016-05-25",5295.600098,5394.399902,5295.600098,5372.5,0,5372.5
"679","^AXJO","2016-05-24",5318.899902,5324,5295.600098,5295.600098,0,5295.600098
"680","^AXJO","2016-05-23",5351.299805,5364.600098,5297.5,5318.899902,0,5318.899902
"681","^AXJO","2016-05-20",5323.299805,5366,5320.299805,5351.299805,0,5351.299805
"682","^AXJO","2016-05-19",5356.200195,5371.100098,5303.100098,5323.299805,0,5323.299805
"683","^AXJO","2016-05-18",5395.899902,5395.899902,5347.100098,5356.200195,0,5356.200195
"684","^AXJO","2016-05-17",5358.899902,5395.899902,5358.899902,5395.899902,0,5395.899902
"685","^AXJO","2016-05-16",5329,5371.100098,5319.799805,5358.899902,0,5358.899902
"686","^AXJO","2016-05-13",5359.299805,5371.700195,5309,5329,0,5329
"687","^AXJO","2016-05-12",5372.299805,5372.299805,5337.600098,5359.299805,0,5359.299805
"688","^AXJO","2016-05-11",5342.799805,5425.200195,5342.799805,5372.299805,0,5372.299805
"689","^AXJO","2016-05-10",5320.700195,5343.200195,5288.399902,5342.799805,0,5342.799805
"690","^AXJO","2016-05-09",5292,5321.399902,5264.399902,5320.700195,0,5320.700195
"691","^AXJO","2016-05-06",5281.600098,5292,5200.299805,5292,0,5292
"692","^AXJO","2016-05-05",5271.100098,5294.100098,5249.799805,5279.100098,0,5279.100098
"693","^AXJO","2016-05-04",5353.799805,5353.799805,5271.100098,5271.100098,0,5271.100098
"694","^AXJO","2016-05-03",5243,5357,5217.399902,5353.799805,0,5353.799805
"695","^AXJO","2016-05-02",5252.200195,5252.200195,5182.200195,5243,0,5243
"696","^AXJO","2016-04-29",5225.399902,5257.100098,5210.5,5252.200195,0,5252.200195
"697","^AXJO","2016-04-28",5187.700195,5239.299805,5187.700195,5225.399902,0,5225.399902
"698","^AXJO","2016-04-27",5220.600098,5281.600098,5179.5,5187.700195,0,5187.700195
"699","^AXJO","2016-04-26",5236.399902,5247.299805,5211.399902,5220.600098,0,5220.600098
"700","^AXJO","2016-04-22",5272.700195,5273.5,5226.200195,5236.399902,0,5236.399902
"701","^AXJO","2016-04-21",5216,5279.899902,5216,5272.700195,0,5272.700195
"702","^AXJO","2016-04-20",5188.799805,5232.700195,5188.799805,5216,0,5216
"703","^AXJO","2016-04-19",5137.100098,5219,5137.100098,5188.799805,0,5188.799805
"704","^AXJO","2016-04-18",5157.5,5157.600098,5118.5,5137.100098,0,5137.100098
"705","^AXJO","2016-04-15",5118.5,5157.5,5111.700195,5157.5,0,5157.5
"706","^AXJO","2016-04-14",5054.700195,5118.600098,5054.700195,5118.600098,0,5118.600098
"707","^AXJO","2016-04-13",4975.600098,5054.700195,4975.600098,5054.700195,0,5054.700195
"708","^AXJO","2016-04-12",4931.5,4977.200195,4927.299805,4975.600098,0,4975.600098
"709","^AXJO","2016-04-11",4937.600098,4943.200195,4910.799805,4931.5,0,4931.5
"710","^AXJO","2016-04-08",4960.899902,4960.899902,4893.5,4937.600098,0,4937.600098
"711","^AXJO","2016-04-07",4945.899902,4984.899902,4945.100098,4964.100098,0,4964.100098
"712","^AXJO","2016-04-06",4924.399902,4958.200195,4906.299805,4945.899902,0,4945.899902
"713","^AXJO","2016-04-05",4995.299805,4995.299805,4909.100098,4924.399902,0,4924.399902
"714","^AXJO","2016-04-04",4995.299805,4995.299805,4995.299805,4995.299805,0,4995.299805
"715","^AXJO","2016-04-01",5082.799805,5082.799805,4976.299805,4999.399902,0,4999.399902
"716","^JKSE","2016-07-01",5027.617188,5039.686035,4971.581055,4971.581055,3924520000,4971.581055
"717","^JKSE","2016-06-30",4999.87793,5033.242188,4996.39502,5016.646973,5331262000,5016.646973
"718","^JKSE","2016-06-29",4905.978027,4980.10498,4905.978027,4980.10498,3976844000,4980.10498
"719","^JKSE","2016-06-28",4836.128906,4890.60498,4835.432129,4882.170898,4633256000,4882.170898
"720","^JKSE","2016-06-27",4804.045898,4846.417969,4795.962891,4836.051758,3755624400,4836.051758
"721","^JKSE","2016-06-24",4878.045898,4884.794922,4754.356934,4834.568848,5550980800,4834.568848
"722","^JKSE","2016-06-23",4896.795898,4899.49707,4856.050781,4874.309082,5187260000,4874.309082
"723","^JKSE","2016-06-22",4876.87207,4899.199219,4876.87207,4896.852051,5551134800,4896.852051
"724","^JKSE","2016-06-21",4873.438965,4889.455078,4868.227051,4878.713867,4996895200,4878.713867
"725","^JKSE","2016-06-20",4849.690918,4863.530762,4828.587891,4863.530762,4259908400,4863.530762
"726","^JKSE","2016-06-17",4825.727051,4838.029785,4806.595215,4835.143066,4125276800,4835.143066
"727","^JKSE","2016-06-16",4819.234863,4829.451172,4801.87207,4814.391113,3871111200,4814.391113
"728","^JKSE","2016-06-15",4811.226074,4814.824219,4789.085938,4814.824219,5210148400,4814.824219
"729","^JKSE","2016-06-14",4797.620117,4833.396973,4792.535156,4821.589844,6014974800,4821.589844
"730","^JKSE","2016-06-13",4838.02002,4838.02002,4807.226074,4807.226074,6535207200,4807.226074
"731","^JKSE","2016-06-10",4882.274902,4887.587891,4848.056152,4848.056152,7510202400,4848.056152
"732","^JKSE","2016-06-09",4913.007812,4919.164062,4876.793945,4876.793945,4200126800,4876.793945
"733","^JKSE","2016-06-08",4928.094238,4940.098145,4892.62793,4916.061035,3595409200,4916.061035
"734","^JKSE","2016-06-07",4908.245117,4933.98877,4907.506836,4933.98877,4094530400,4933.98877
"735","^JKSE","2016-06-06",4862.567871,4896.024902,4860.62793,4896.024902,3072706200,4896.024902
"736","^JKSE","2016-06-03",4845.422852,4861.299805,4839.083008,4853.921875,2607634800,4853.921875
"737","^JKSE","2016-06-02",4836.504883,4860.862793,4833.225098,4833.225098,2734732400,4833.225098
"738","^JKSE","2016-06-01",4801.853027,4851.741211,4800.708008,4839.667969,2655178600,4839.667969
"739","^JKSE","2016-05-31",4833.717773,4836.37207,4792.201172,4796.869141,4113550800,4796.869141
"740","^JKSE","2016-05-30",4819.054199,4845.124023,4817.069824,4836.033203,3568713200,4836.033203
"741","^JKSE","2016-05-27",4782.448242,4814.730957,4778.540039,4814.730957,3112906800,4814.730957
"742","^JKSE","2016-05-26",4777.566895,4784.660156,4761.459961,4784.564941,2969113600,4784.564941
"743","^JKSE","2016-05-25",4733.887207,4772.977051,4733.551758,4772.977051,3578548000,4772.977051
"744","^JKSE","2016-05-24",4738.163086,4750.359863,4710.785156,4710.785156,3246201400,4710.785156
"745","^JKSE","2016-05-23",4714.676758,4743.662109,4714.676758,4743.662109,2691482800,4743.662109
"746","^JKSE","2016-05-20",4698.967773,4722.278809,4690.558105,4711.87793,2900877800,4711.87793
"747","^JKSE","2016-05-19",4733.472168,4739.324219,4691.570801,4704.216797,2964179600,4704.216797
"748","^JKSE","2016-05-18",4721.895996,4743.071777,4713.71582,4734.356934,3583240000,4734.356934
"749","^JKSE","2016-05-17",4737.166016,4745.147949,4717.259766,4729.155762,3345967600,4729.155762
"750","^JKSE","2016-05-16",4745.474121,4748.817871,4720.243164,4731.562012,2864795000,4731.562012
"751","^JKSE","2016-05-13",4801.191895,4803.003906,4745.90918,4761.714844,3325981200,4761.714844
"752","^JKSE","2016-05-12",4795.736816,4825.184082,4792.208008,4803.321777,2963507000,4803.321777
"753","^JKSE","2016-05-11",4781.138184,4811.599121,4770.367188,4799.963867,2648832200,4799.963867
"754","^JKSE","2016-05-10",4749.522949,4766.713867,4728.539062,4763.115234,3071231600,4763.115234
"755","^JKSE","2016-05-09",4808.520996,4812.890137,4745.500977,4749.314941,3168886000,4749.314941
"756","^JKSE","2016-05-04",4808.653809,4822.595215,4765.410156,4822.595215,3608028000,4822.595215
"757","^JKSE","2016-05-03",4818.974121,4833.991211,4806.030762,4812.26416,3420718800,4812.26416
"758","^JKSE","2016-05-02",4828.962891,4835.522949,4770.557129,4808.318848,3030340400,4808.318848
"759","^JKSE","2016-04-29",4839.366211,4839.625,4818.85498,4838.583008,3618136800,4838.583008
"760","^JKSE","2016-04-28",4861.950195,4877.170898,4830.687012,4848.390137,4614803200,4848.390137
"761","^JKSE","2016-04-27",4807.686035,4845.658203,4803.208984,4845.658203,4562285200,4845.658203
"762","^JKSE","2016-04-26",4866.149902,4866.384766,4788.375,4814.092773,3693218000,4814.092773
"763","^JKSE","2016-04-25",4920.402832,4920.402832,4863.334961,4878.861816,4106444000,4878.861816
"764","^JKSE","2016-04-22",4898.726074,4917.588867,4883.881836,4914.736816,3808048000,4914.736816
"765","^JKSE","2016-04-21",4884.921875,4906.828125,4884.842773,4903.089844,3691037200,4903.089844
"766","^JKSE","2016-04-20",4876.253906,4883.13916,4857.722168,4876.596191,4282056000,4876.596191
"767","^JKSE","2016-04-19",4875.498047,4886.499023,4864.891113,4881.930176,4317187200,4881.930176
"768","^JKSE","2016-04-18",4812.578125,4865.53418,4800.26416,4865.53418,3041610200,4865.53418
"769","^JKSE","2016-04-15",4834.900879,4839.016113,4793.13916,4823.567871,3499227200,4823.567871
"770","^JKSE","2016-04-14",4872.226074,4873.428223,4814.846191,4814.846191,4328991200,4814.846191
"771","^JKSE","2016-04-13",4846.978027,4856.591797,4831.574219,4853.004883,6540873600,4853.004883
"772","^JKSE","2016-04-12",4788.421875,4829.573242,4776.981934,4829.573242,3613517200,4829.573242
"773","^JKSE","2016-04-11",4833.35498,4843.629883,4766.814941,4786.974121,3221530800,4786.974121
"774","^JKSE","2016-04-08",4839.652832,4862.805176,4829.444824,4846.704102,4105677200,4846.704102
"775","^JKSE","2016-04-07",4884.834961,4900.46582,4858.5,4867.285156,4778304000,4867.285156
"776","^JKSE","2016-04-06",4863.061035,4879,4861.579102,4868.22998,4608868000,4868.22998
"777","^JKSE","2016-04-05",4848.847168,4883.683105,4843.162109,4858.071777,3290439400,4858.071777
"778","^JKSE","2016-04-04",4840.146973,4864.937012,4838.979004,4850.175781,3592764000,4850.175781
"779","^JKSE","2016-04-01",4843.394043,4844.358887,4819.933105,4843.186035,3001453600,4843.186035
