"","Seq","Stock","Date","Open","High","Low","Close","Volume","Adj.Close","Var","D1c","D2c","D7c","D30c","D1v","D2v","D7v","D30v","GSPC","MXX","IPSA","MERV","FTSE","GDAXI","FCHI","N225","HSI","BSESN","AXJO","NZ50","JKSE"
"129",1,"BVSP",2016-01-04,43349,43349,42125,42141,2976300,42141,-2.78668481395188,42419,41773,39950,39589,0.659690088037778,-0.873258821575188,-5.19921216867184,-6.05586008874967,-1.25306238906882,-1.97886888739134,-1.55179747669528,-1.46987628731173,-2.38533725792428,-1.92993338901537,-1.30071938403994,-1.95338653328976,-2.09111676172422,-1.8883447368039,-0.479614465341534,-1.31698497660983,-1.18436985431957
"128",2,"BVSP",2016-01-05,42139,42534,42137,42419,2557200,42419,0.664467595339234,41773,40695,39514,40822,-1.52290247294844,-4.06421650675405,-6.84834625993069,-3.76482236733539,0.145494143243388,-0.182631595416993,0.137801635602263,-0.310986787114611,0.718815336338321,-0.608968289228569,-0.785172004481949,-0.134573016414694,-0.609646996765604,-0.638420257319224,-1.63362295797362,0,0.671255375944809
"127",3,"BVSP",2016-01-06,42410,42410,41590,41773,3935900,41773,-1.50200424428201,40695,40612,38944,40592,-2.58061427237689,-2.77930720800517,-6.77231704689632,-2.82718502381921,-1.06625464981729,-0.827891136724422,-0.297043335421304,0.234367388978404,-1.03956675638475,-0.725653429439335,-1.05231090979913,-1.19089195111513,-0.765374532049384,-0.865843590990064,-1.18238957562576,0,0.993241970076876
"126",4,"BVSP",2016-01-07,41772,41772,40695,40695,4032300,40695,-2.57828210284401,40612,39950,39500,40377,-0.203956259982799,-1.83069173117091,-2.93647868288488,-0.781422779211205,-2.12711205995208,-2.46392537075349,-1.60734631639405,1.51473928882284,-1.96430016012471,-1.61984976852203,1.32256456832302,-2.05311145967725,-2.11461142691879,-1.47819063277132,-2.20179756089553,0,-0.945507934610063
"125",5,"BVSP",2016-01-08,40695,41218,40463,40612,3221600,40612,-0.203956259982799,39950,39514,38569,39318,-1.63006008076431,-2.70363439377524,-5.03053284743426,-3.18625036934896,-3.18789508600444,-0.974962781312432,-0.0348272675578799,-0.823992932932846,-0.700361017007541,-1.60961360849435,-1.59894480211655,0.772854389079945,-0.186268509282477,-0.138929976633381,-0.389198266749229,-0.889695846890624,0.473501495628651
"124",6,"BVSP",2016-01-11,40612,40974,39924,39950,3086400,39950,-1.63006008076431,39514,38944,37937,39808,-1.09136420525657,-2.51814768460576,-5.03879849812265,-0.355444305381727,-0.12719617710007,1.12382621818679,-0.333590160292223,-3.05927421568804,-0.686694027348633,0.112392785806529,-0.472391764632512,NA,-0.544669874538033,0.153021824474036,-1.17415268673553,0,-1.107718333878
"123",7,"BVSP",2016-01-12,39955,40261,39426,39514,3383700,39514,-1.1037417094231,38944,39500,38057,40093,-1.44252669939768,-0.0354304803360834,-3.68730070354811,1.46530343675659,0.562814057652286,0.748440708555839,-0.507426355538957,-3.20488757364595,0.977560405774098,1.55204072847498,1.41887445436663,-1.44221718305618,-1.58896188458232,-0.727590807962225,-0.143953949947088,0,0.556629228786224
"122",8,"BVSP",2016-01-13,39518,40050,38822,38944,3569600,38944,-1.45250265701706,39500,38569,37645,40948,1.42769104354971,-0.962921117502054,-3.33555875102712,5.14585045193098,-2.57995701151269,-0.043312271350453,0.0983521175576505,-3.36998095941781,0.53632537195853,-1.49707687979125,-0.786575889377063,1.52736488212624,-0.469215516672423,0.199433447748248,1.26494493026241,0,0.0286668367244158
"121",9,"BVSP",2016-01-14,38944,39502,38459,39500,3868600,39500,1.42769104354971,38569,37937,37717,41631,-2.35696202531646,-3.95696202531646,-4.51392405063291,5.39493670886076,1.5943452983091,0.795092964897916,0.448800899314058,3.53831760840829,-0.717997064250959,-0.433567815868408,-0.655778993182242,-0.82819126441095,1.21809698875176,0.67776206522471,-1.56394116238245,0,0.454015875646519
"120",10,"BVSP",2016-01-15,39494,39494,37986,38569,4076400,38569,-2.34212791816478,37937,38057,38031,41478,-1.63862169099536,-1.32749099017346,-1.3949026420182,7.54232673909098,-1.89651360560357,-1.21547256611719,-1.76667353174372,-6.0559797203285,-1.92795264168992,-2.38374136981283,-2.21300926979996,-2.14211670568485,-1.31785719880382,-1.71499406799634,-0.750537576849939,0.97883394990669,0.110536358695268
"119",11,"BVSP",2016-01-18,38572,38633,37937,37937,2161200,37937,-1.64627190708286,38057,37645,37497,41543,0.316313888815668,-0.769697129451459,-1.15981759232412,9.50523235891083,NA,-0.58279826951633,-0.36081011345808,-2.97186266579141,-0.416950011050615,-0.217445987992935,-0.511505035507537,0.764492550840922,-0.258882428697949,-0.870505623671277,-0.21564116445206,0,-0.223673530839968
"118",12,"BVSP",2016-01-19,37941,38857,37941,38057,3044900,38057,0.305737856145067,37645,37717,38376,43235,-1.08258664634627,-0.893396746984786,0.83821635967102,13.6059069290801,-0.388109975752256,0.486061162955446,0.0342113044739248,-1.34406607703154,1.67649794361438,-0.600965263708186,0.105201217004664,0.86426210357755,1.82663391322718,0.91750003895747,0.942916740549027,0,0.114762601894597
"117",13,"BVSP",2016-01-20,38056,38056,37046,37645,3958400,37645,-1.07998738700862,37717,38031,38630,42521,0.191260459556382,1.02536857484394,2.61654934254217,12.9525833444016,-0.898106659010452,0.0911392815762483,-0.620595101342278,-4.04703134933726,-3.45765916387209,-0.408162299751426,-1.11424569126,-3.60587065714288,-2.30661510051351,-1.08416084705527,-1.25634999834343,0,-1.09808937654118
"116",14,"BVSP",2016-01-21,37647,38079,37495,37717,3773600,37717,0.185937790527798,38031,37497,40406,42085,0.832515841662911,-0.583291354031339,7.12941114086486,11.5809847018586,0.404522748689947,0.817003827593891,0.548071963018259,3.59954839810592,1.76606925530971,1.84528708068519,1.8572705857162,-2.73033004510006,-2.81449124684156,-0.961113720951859,0.464732004544046,0,-0.756000058768578
"115",15,"BVSP",2016-01-22,37737,38444,37737,38031,4197500,38031,0.779076238174736,37497,38376,40570,41888,-1.4041176934606,0.90715468959533,6.67613262864505,10.1417264862875,1.57132202103349,1.00302931688424,1.60862453286297,4.90574188930618,2.18573901524458,0.0238675145995739,1.01158973290971,3.80620822534113,0.419565228264305,1.30005315420287,0.663442979560693,0.669472638196365,0.232147697411194
"114",16,"BVSP",2016-01-26,38031,38031,37112,37497,3607000,37497,-1.4041176934606,38376,38630,38596,41593,2.3441875350028,3.02157505933808,2.93090113875777,10.9235405499107,1.32212570241331,1.10415307405748,0.295436166682416,1.37230298732524,0.587034201123022,2.32500697946084,2.78282926437189,-0.738011657133768,-1.0909896181516,NA,NA,0,0.462724346562549
"113",17,"BVSP",2016-01-27,37501,38766,37402,38376,4648600,38376,2.33327111277033,38630,40406,39589,42794,0.661872003335418,5.2897644361059,3.16082968521993,11.5124035855743,-1.02863932017913,0.444765465010071,0.153071412389624,2.12185530480138,1.33468496997378,1.01621636523786,0.702788496132267,1.26690700812241,-0.829748713481835,-0.611692706022167,-1.20241670638021,0,1.26843509640685
"112",18,"BVSP",2016-01-28,38376,39100,37996,38630,4464600,38630,0.661872003335418,40406,40570,40822,44122,4.59746311157132,5.02200362412633,5.67434636293036,14.216929847269,0.431780594583997,0.693429762376182,1.30086588159875,0.883280225409289,-0.978233472867743,-1.89990946536479,-0.92582665655091,-0.107800689620589,0.534522776313474,-0.0501966080752401,0.602464288986237,0,0.438872963155084
"111",19,"BVSP",2016-01-29,38635,40406,38635,40406,5475700,40406,4.58392649152323,40570,38596,40592,44893,0.405880314804732,-4.47953274266198,0.460327674107806,11.1047864178587,2.44139334741288,2.93618717264847,3.14191342930187,2.28266853224528,2.56246004580055,0.261243947823692,0.687735421225237,2.11739406576168,2.84605236597337,2.14963745169993,0.588798759130302,0.333675128044188,0.0699293444185809
"110",20,"BVSP",2016-02-01,40397,40570,39738,40570,3661700,40570,0.42824962249672,38596,39589,40377,47193,-4.86566428395366,-2.41804288883411,-0.475720976090707,16.324870594035,0.125975201829962,NA,0.121802951014341,-0.414921482803975,-0.389554353522975,-0.670321587179129,-0.584183801320659,0.935788739061512,-0.887467931124998,-0.630010545784265,0.761164678853259,0,0.0970295163599132
"109",21,"BVSP",2016-02-02,40564,40564,38596,38596,4425300,38596,-4.85159254511389,39589,40822,39318,49085,2.57280547206964,5.76743704010778,1.87066017203855,27.1763913358897,-1.66540830862309,-1.25443302939002,-2.07684874506815,-0.391875732729208,-2.27884186344672,-1.44159097452948,-1.9439515833726,0.192815281467817,-0.143925470292334,-1.32382236430586,-0.997309303327725,0,-0.25022733099308
"108",22,"BVSP",2016-02-03,38597,39726,38597,39589,4238100,39589,2.57014793895899,40822,40592,39808,49246,3.11450150294274,2.53353204172876,0.553183965242871,24.3931395084493,0.286307432585377,0.317405042752487,-1.16958878984274,0.420505891936976,-1.43363562985478,-1.11837365649786,-1.29483615487672,-1.74974555245833,0.426785963074728,-0.69800932576506,-2.33312648047577,0,0.943987669214453
"107",23,"BVSP",2016-02-04,39589,41444,39589,40822,5388500,40822,3.11450150294274,40592,40377,40093,49102,-0.56342168438587,-1.09009847631179,-1.78580177355348,20.2831806378913,0.197728002897978,1.14860006810494,2.11257488306533,2.88922629433623,1.05702670785345,-1.35791297040821,-1.11408428264045,-0.153002013086799,-0.0378811613578849,-0.196910712866657,2.12434590597267,0,1.2757193267884
"106",24,"BVSP",2016-02-05,40812,41249,40566,40592,3558900,40592,-0.539057140056846,40377,39318,40948,48665,-0.529661016949152,-3.13854946787544,0.877020102483248,19.8881553015372,-1.72601619031446,-1.20964401608812,-0.270844886989347,-0.303191013470614,-0.859491908117057,-0.949939357924108,-0.835677962611414,0.17307701553631,0.00420247782105191,1.05339713610033,-0.0843246944550229,0.262306881869444,2.65990000320363
"105",25,"BVSP",2016-02-10,40592,40592,39960,40377,0,40377,-0.529661016949152,39318,39808,41631,49571,-2.62278029571291,-1.40921811922629,3.10572850880452,22.7703890828937,-0.282159876566598,0.31561815141732,0.68700767260726,-0.456624910525637,0.711970608495022,0.887332102314079,0.847260852506944,-2.56990508941629,NA,-0.74950923315225,-1.1671923564527,0,-0.338066775746695
"104",26,"BVSP",2016-02-11,40370,40370,38928,39318,0,39318,-2.60589546693089,39808,40093,41478,49639,1.24624853756549,1.97110738084338,5.49366702273768,26.2500635841091,-0.970224363833241,-0.425945593923115,-0.674435940279188,-2.90828629013732,-2.38527245828466,-1.51914049732135,-2.34617475672397,NA,0.318447108273556,-3.39513094768631,0.950643908667712,0,1.09790007642803
"103",27,"BVSP",2016-02-12,39324,39901,39324,39808,3327800,39808,1.23080052893907,40093,40948,41543,48867,0.715936495176849,2.8637459807074,4.35842041800643,22.7567323151125,1.71157437488939,0.154235142571587,0.447803782841145,2.41478267265179,3.08109261332852,1.27743686760505,1.16227623147208,-3.07047130252816,0.223096129163931,-0.322073833040288,-1.15741826275602,-0.886413228358445,-0.910436475742213
"102",28,"BVSP",2016-02-15,39808,40671,39808,40093,1694300,40093,0.715936495176849,40948,41631,43235,47130,2.13254184022149,3.83608111141596,7.83677948769112,17.5516923153668,NA,1.86515414833654,0.352606304337011,0.372673668083624,2.04463706279794,0.472522680271126,0.708710363767696,5.07726198416093,1.33522540715955,1.42394752817614,1.64103410488357,0,-0.190685103149113
"101",29,"BVSP",2016-02-16,40093,41206,40074,40948,3921300,40948,2.13254184022149,41631,41478,42521,47763,1.66796913158152,1.29432450913354,3.84145745823972,16.643059490085,1.28991662896223,-0.243278163784091,0.933157103506141,0.155520673391619,0.650728693043313,-1.16458465283601,-1.12187360035728,1.29316604612232,0.56979764458056,-2.09652945066557,1.37297408898524,0,-0.0208235066736746
"100",30,"BVSP",2016-02-17,40958,42436,40958,41631,5307100,41631,1.64314663801943,41478,41543,42085,50914,-0.367514592491172,-0.211380942086426,1.09053349667315,22.2982873339579,1.47566338092085,1.11806237321439,0.946388000778471,4.37341961056033,2.86751738951828,2.21194123093475,2.77034275516925,-1.24094118215119,-1.4251839520547,0.622443678014721,-0.568226109979636,0,0.571685891308494
"99",31,"BVSP",2016-02-18,41624,41698,41183,41478,3534900,41478,-0.350759177397655,41543,43235,41888,50815,0.15670958098269,4.23598051979363,0.988475818506196,22.5107285790057,-0.505298913806578,-0.101922311883667,0.830839467359038,-1.68723781416629,-0.96678120301184,0.377915200390355,-0.359807444607518,0.363858195746894,-0.237675092240275,0.479043784528105,2.25107842514376,0,-0.109739794624734
"98",32,"BVSP",2016-02-19,41477,41828,41071,41543,3298700,41543,0.159124333968223,43235,42521,41593,51172,4.07288833257107,2.35418722769179,0.120357220229642,23.1783934718244,0.0542608285644408,-0.325966955314841,-0.342604295114908,-1.37619497431231,-0.365033573342258,-0.344566926910382,-0.216911586203929,-0.518556964140721,0.244668160361134,0.291155441599752,-0.785260316506417,0.501058203718981,-0.984035538819737
"97",33,"BVSP",2016-02-22,41544,43345,41544,43235,4508500,43235,4.07038320816484,42521,42085,42794,51010,-1.65143980571296,-2.65988204001388,-1.02000693882271,17.9831155313982,1.09434742811752,0.386238067159967,-0.0718689344496204,5.89729991731412,1.4705387572258,0.972641357335589,0.893768441078784,1.63809080948787,0.463758108265426,0.0223615765184765,0.977232916847135,0,0.153378204787543
"96",34,"BVSP",2016-02-23,43235,43601,42359,42521,3805300,42521,-1.65143980571296,42085,41888,44122,49690,-1.02537569671456,-1.48867618353284,3.76519837256885,16.8599045177677,-1.08681025060284,-0.767405009641071,-1.01720222072544,-0.179596723030107,-1.24882633394818,-0.90865510418551,-0.791164577175248,-1.09874247728967,-0.472448054816844,-1.84579831172947,-0.43189826757176,0,-1.29682560960693
"95",35,"BVSP",2016-02-24,42521,42521,41211,42085,3522700,42085,-1.02537569671456,41888,41593,44893,49657,-0.468100273256505,-1.16906261138173,6.67221100154449,17.9921587263871,0.63831064599787,-1.10165843570084,-1.01741958459735,0.744140499260606,-1.59501556631299,-2.43368423692724,-1.82257533088201,0.407921431956384,-0.466181105235374,-1.04577378898836,-2.10057225362357,0,0.299278102369537
"94",36,"BVSP",2016-02-25,42084,42327,41442,41888,0,41888,-0.465735196274118,41593,42794,47193,50838,-0.7042589763178,2.16291061879297,12.6647249809015,21.3665011459129,1.02646430926114,0.595262219861165,0.41869064688117,2.00534591646544,2.48158585289247,0.587052100278694,0.678951403477794,0.981452210811325,-1.70040019807491,-0.559010000917311,0.127183487179494,0,-0.505510752442102
"93",37,"BVSP",2016-02-26,41889,42495,41417,41593,3274600,41593,-0.706629425386139,42794,44122,49085,51155,2.88750510903277,6.08035005890414,18.0126463587623,22.98944533936,-0.352945199260506,0.0539953659645579,0.460112321537317,-1.20410631909271,1.38371802984052,0.621716141230325,0.388557740122135,-0.754738850454925,0.960384044278532,0.0571308813393351,-0.0245881125963601,-0.0046590750131006,0.795006105109214
"92",38,"BVSP",2016-02-29,41599,43053,41599,42794,4473500,42794,2.87266520829828,44122,44893,49246,51249,3.10323877179044,4.90489320932841,15.0768799364397,19.7574426321447,-0.765230105937375,0.551879673375495,0.110192981747152,0.602887767508656,0.0180462270341189,0.747705344579108,1.81741982476366,-1.75653997596516,-1.31280596537152,-1.01770768337027,0.0184406147541006,0,0.689322156437032
"91",39,"BVSP",2016-03-01,42795,44181,42795,44122,4610100,44122,3.10082953616077,44893,47193,49102,50055,1.74742758714473,6.96024658900322,11.2868863605458,13.4468065817506,2.12999967601918,1.13650111511518,0.725720892962554,-0.161209617515341,0.915185958949632,2.47293476874866,1.44822005536767,0.45281812277524,0.765684209640287,2.70384242330695,0.848202254322722,0,0.414874885694726
"90",40,"BVSP",2016-03-02,44122,44983,43841,44893,5009600,44893,1.74742758714473,47193,49085,48665,50562,5.12329316374491,9.3377586706168,8.40220078854164,12.6278038892478,0.498329207710164,0.944286362236747,0.596343383629322,0.501940129080405,-0.094261309177401,-0.0431427880151648,-0.0916708886133687,2.16618817727613,1.08812645559816,0.823538584698025,2.00923133327919,0,0.568388186075651
"89",41,"BVSP",2016-03-03,44900,47375,44900,47193,9031000,47193,5.10690423162584,49085,49246,49571,48780,4.00906914160998,4.35022143114445,5.03888288517365,3.36278685398258,0.392830786375879,0.281864158106936,1.36777901341049,-0.0584882877697154,-0.270047627911588,-0.562244448567169,-0.33446533046957,1.5835191295773,-0.698386275249459,0.903445663982362,1.19293994809541,0,-0.100366974300469
"88",42,"BVSP",2016-03-04,47194,50024,47194,49085,10284300,49085,4.00686527948468,49246,49102,49639,49054,0.328002444738719,0.0346337985127839,1.12865437506367,-0.0631557502291943,0.299897190586324,0.242483220402078,0.497198289973667,-0.435124969560073,1.12388715439198,0.237831875598991,0.423638041777341,0.516441578768106,0.62137936889199,-0.235216918665472,0.175156990186107,0.583929234051188,0.132026285609365
"87",43,"BVSP",2016-03-07,49089,49639,48746,49246,5720600,49246,0.319827252541303,49102,48665,48867,48096,-0.292409535799862,-1.17979125208139,-0.769605653251025,-2.33521504284612,0.283051787850253,0.249491767407378,-0.184912962233671,-0.193719704882535,-0.274220090149622,0.152084066101197,0.133440669824078,-0.665625286877386,-0.720814012567014,NA,1.03732426326129,0,-0.589127316215048
"86",44,"BVSP",2016-03-08,49244,49914,48847,49102,7150500,49102,-0.288360003249127,48665,49571,47130,48513,-0.889984114700012,0.955154576188343,-4.01612968921836,-1.19954380676958,-0.882376254751473,-1.02948258946968,-0.45622151291545,1.26976515977655,-0.921972064304034,0.044904769510461,-0.0258818285743158,-0.629563935937307,-0.59864362555669,0.0163901234979458,-0.676670419217293,0,-0.414170537778074
"85",45,"BVSP",2016-03-09,49102,50001,48623,48665,6230600,48665,-0.889984114700012,49571,49639,47763,50293,1.86170759272578,2.00143840542484,-1.85348813315525,3.34532004520703,0.394665961767845,-0.0336758634982251,-0.156083099164118,-1.72948671007584,0.341200629091588,0.236384633152857,0.447115971087362,0.0999024705640393,0.49007892385756,1.08732611537916,0.963198805794839,0,NA
"84",46,"BVSP",2016-03-10,48667,49974,47922,49571,7467200,49571,1.85752152382518,49639,48867,50914,50165,0.137176978475318,-1.42018518892094,2.70924532488753,1.19828125315204,-0.0703187401313103,-0.365058622638939,0.565747060230303,-1.19050182955862,-1.78318034390122,-2.05709084108052,-1.85468352161589,0.245967574802217,-0.354019014690965,-0.775151944349491,-0.137673480406755,0,0.0317016517367356
"83",47,"BVSP",2016-03-11,49574,50038,49156,49639,6002200,49639,0.131117117844031,48867,47130,50815,52002,-1.55522875158645,-5.05449344265598,2.36910493764983,4.76036987046476,1.37764289231421,0.628785591534833,0.0187535908044741,-0.919326818587855,1.7078802436701,1.64474006241947,1.4118829159638,1.97884345126898,1.50210866353567,0.396417792416731,0.316494896989092,0.109558458387637,0.617465462172944
"82",48,"BVSP",2016-03-14,49639,50166,48757,48867,4801100,48867,-1.55522875158645,47130,47763,51172,53150,-3.55454601264657,-2.25919332064583,4.71688460515276,8.76460597130988,0.0183232057295644,-0.121858812297801,0.621708270284371,-2.20727515864769,0.56679849677933,0.422687148389979,0.106174737213623,0.45600757737844,0.312935811530567,0.0104028275531466,0.36969840434934,0.789204681959243,0.795634222367172
"81",49,"BVSP",2016-03-15,48866,48866,46684,47130,5502200,47130,-3.55257234068678,47763,50914,51010,52411,1.3430935709739,8.02885635476342,8.23254827074051,11.2051771695311,0.0327516408942558,-1.07531759634722,-0.143901828386434,-1.88903741644788,-0.560361763528736,-0.0765516536791863,-0.0364279922320567,-0.597102009757975,-0.0462153438579156,-1.13107562088934,-1.42898655867322,0.140516917926168,-0.637062780751396
"80",50,"BVSP",2016-03-16,47130,47814,46521,47763,5111000,47763,1.3430935709739,50914,50815,49690,53228,6.59715679500869,6.3898833825346,4.03450369532902,11.4419111027364,0.644410847984403,1.23024123834906,0.302113333120026,3.85223338215778,0.578175895765472,0.124060448575242,-0.528232196713566,-0.0406925962015437,-0.404137534696941,0.590404272013554,0.148689168245789,-0.25608790905678,0.264694254962262
"79",51,"BVSP",2016-03-17,47770,51268,47770,50914,7245100,50914,6.58153652920243,50815,51172,49657,52894,-0.194445535609066,0.506736850375142,-2.46886907333936,3.88891071218133,0.675412789871277,1.52775428224263,0.851186515919256,1.68400135381924,0.41454291960165,-1.58670062623488,-1.30595770249138,-1.00083444734073,-0.370504254960101,-0.703401267794668,0.961129029107254,-0.168874038809187,0.0514861868234874
"78",52,"BVSP",2016-03-18,50915,51308,50202,50815,5448400,50815,-0.196405774329765,51172,51010,50838,53710,0.702548460100364,0.383744957197678,0.0452622257207517,5.69713667224245,0.412512681991889,0.101705155048958,1.63418901182425,-0.62077314101746,-0.185450965445777,0.455596475103316,0.23516695511012,-0.941375304656839,0.351671147863789,0.903095045903525,0.288299648578136,0.761243535320599,-0.085645747955098
"77",53,"BVSP",2016-03-21,50816,51370,50765,51172,3708500,51172,0.700566750629723,51010,49690,51155,53631,-0.316579379348081,-2.89611506292504,-0.0332212928945517,4.80536230751192,0.181655809467211,NA,-0.0402967630536109,0.197172830544835,-0.0807806630611825,0.559773859272595,0.0442844989670522,NA,-0.260868728074938,1.11089841601253,-0.318342298779197,0,0.2856967546177
"76",54,"BVSP",2016-03-22,51170,51215,50812,51010,3896600,51010,-0.312683212820012,49690,49657,51249,52908,-2.58772789649088,-2.65242109390316,0.468535581258577,3.72083905116644,0.0566305480999396,0.368968942135525,-0.453519314300787,1.12354983753981,0.130972041387444,1.5627831124531,0.798297358484376,0.656776255541374,-0.47348894332027,-0.00205097232521605,0.0988103845781244,0.335896728940331,-0.303601000212063
"75",55,"BVSP",2016-03-23,51005,51005,49491,49690,3638700,49690,-2.5781786099402,49657,50838,50055,51862,-0.0664117528677802,2.3103240088549,0.734554236264842,4.37110082511572,-0.577974065401998,0.0327428122337278,-1.29730085154246,-3.30457410125251,0.103345920171734,-0.238985611264348,-0.418896739367777,-0.382561999746982,-0.0686879973796178,0.0610570933640314,-0.470334311521554,0.0781846744586666,0.0825921372739871
"74",56,"BVSP",2016-03-24,49686,49686,48778,49657,3688400,49657,-0.0583665418830254,50838,51155,50562,53083,2.37831524256399,3.01669452443764,1.82250236623235,6.89932939968182,0.170233460306951,NA,-0.345764650416832,NA,-1.49376678124419,-1.23563857028198,-1.37649600774922,-0.512742470697478,-0.513821689197791,NA,-1.12983708074561,-0.0946197420493019,-0.197165106879986
"73",57,"BVSP",2016-03-28,49687,51149,49687,50838,3515800,50838,2.31650129812627,51155,51249,48780,54478,0.623549313505645,0.808450371769149,-4.0481529564499,7.15999842637397,-0.04121743537764,-0.0634378712464432,-0.0519760765807766,2.3247094681725,NA,NA,NA,0.0297713220681616,NA,-1.77325036199165,NA,-0.017259203062716,-0.739439637328885
"72",58,"BVSP",2016-03-29,50839,51765,50387,51155,4320900,51155,0.621570054485729,51249,50055,49054,54312,0.183755253640895,-2.15032743622324,-4.10712540318639,6.17143974196071,0.946089156330589,0.601530436717724,0.945643501291317,0.46481331805202,-0.00982720052402995,-0.130689930116376,0.290308923552766,0.69619108365728,-0.098200806686109,-0.227506308660877,-1.5676053645248,0.2069787036067,0.288716412278178
"71",59,"BVSP",2016-03-30,51155,52262,50900,51249,4730600,51249,0.183755253640895,50055,50562,48096,53911,-2.32980155710355,-1.34051396124802,-6.15231516712521,5.19424769263791,0.275956553066838,0.647384628870087,0.677568097131308,-2.11912791056443,1.59354549798842,0.95391599183472,1.3005557050655,-1.16564010716957,1.25551547626953,1.10333917070158,0.115891797382349,0.45994766689448,0.406511376879627
"70",60,"BVSP",2016-03-31,51248,51248,49642,50055,4251900,50055,-2.32789572275991,50562,48780,48513,53562,1.01288582559185,-2.54719808210968,-3.08061132753971,7.00629307761462,-0.195275149892908,-0.664724088276013,-0.224513988368395,0.784405319342593,-0.456220855532138,-0.319388389694074,-0.719514089766478,-1.40300482452471,-0.167031613511235,-0.0902458135798697,1.44701919688816,0,0.378427520618225
"69",61,"BVSP",2016-04-01,50054,50768,49361,50562,3890600,50562,1.01490390378391,48780,49054,50293,52260,-3.52438590245639,-2.98247695898105,-0.532020094141846,3.35825323365373,0.785750944786663,0.404406718587213,0.257546914715987,1.4424565727925,-0.466401147501552,-0.392749901040282,-0.20870392698494,-3.32185998213725,-1.38197480398881,-0.126705300393122,-1.64082604469211,-0.670778301347634,-0.00429467431627095
"68",62,"BVSP",2016-04-04,50556,50556,48600,48780,3556500,48780,-3.51293615001187,49054,48096,50165,52553,0.561705617056171,-1.40221402214022,2.83927839278393,7.73472734727347,-0.340540818782606,-0.84457030102731,0.0681439626746679,-3.00124717509428,0.302632510102676,0.330044000501619,0.789347592328701,0.220725355900996,-1.38197480398881,0.259216754668135,0,0.473343628053629,0.207200484942795
"67",63,"BVSP",2016-04-05,48778,49629,48149,49054,3546100,49054,0.565828857271721,48096,48513,52002,51671,-1.95294981041301,-1.1028662290537,6.00970359195988,5.33493700819505,-0.840240290909093,-1.07781527674034,-0.733299087004439,-2.43557017173352,-1.19227209231705,-0.875320116833522,-0.767202355023029,-1.9409479164594,-0.663944016695911,-1.92669534163456,-1.41933228770439,-0.412095002612053,0.190243344044286
"66",64,"BVSP",2016-04-06,49054,49054,47874,48096,3810000,48096,-1.95294981041301,48513,50293,53150,51718,0.867015968063872,4.56794743845642,10.5081503659348,7.53077178975383,1.03149515982997,0.218372644969517,-0.923315581157267,-1.81453035280183,1.15576406531159,0.438820565607775,0.524137977666277,-0.0784592969538084,0.530696129353239,-0.313178895903846,0.436601422058919,0.486747569285362,0.106289947068294
"65",65,"BVSP",2016-04-07,48099,48940,48099,48513,3059900,48513,0.860724755192416,50293,50165,52411,50990,3.66911961742213,3.40527281347268,8.0349597015233,5.10584791705316,-1.0227762297673,-0.500561841262841,0.112199880205419,-3.24488948604387,-0.400873078537136,-1.22225298499146,-0.997964548528714,0.0672209376889248,-0.156516958528872,-1.25353727823698,0.36798553065419,0.283845088468985,-0.359271196265901
"64",66,"BVSP",2016-04-08,48517,50486,48517,50293,5047700,50293,3.66057258280603,50165,52002,53228,53071,-0.254508579722824,3.39808720895552,5.8358021991132,5.52363151929692,0.100703822009127,-0.476591476832102,0.726174493263216,2.9295099699967,1.09990387781951,0.478879047738011,1.03355211164611,1.43924418632443,1.53926301002172,0.0325919400362181,-0.469668900003543,-0.369202323628476,0.145697847444276
"63",67,"BVSP",2016-04-11,50303,51089,50078,50165,4050700,50165,-0.274337514661153,52002,53150,52894,52764,3.66191567826174,5.95036379946178,5.440047842121,5.18090302003389,-0.401905643775633,-0.232521246294196,-0.0916759702961359,-0.410557743879099,-0.0693024960981992,0.911157534505321,0.431049097269563,-0.0662397768327147,0.913172223045558,0.938948749581325,-0.123543784002896,-0.153817798450477,-0.959599681627354
"62",68,"BVSP",2016-04-12,50166,52327,50166,52002,5146900,52002,3.65984930032293,53150,52411,53710,53241,2.2076073997154,0.786508211222645,3.28448905811315,2.38260066920503,0.880746885846231,0.726723462786678,0.760475537503609,4.14313911997448,0.682243888508269,0.460233380502737,0.658023300521133,1.33307845595967,0.311724576279976,0.355673159465866,0.894253229240594,0.0135264603759692,0.859393095976958
"61",69,"BVSP",2016-04-13,52010,53844,52010,53150,6376500,53150,2.19188617573544,52411,53228,53631,51804,-1.39040451552211,0.146754468485419,0.904985888993415,-2.53245531514581,0.798675680712081,0.700807985597579,0.0300790178400518,4.78507871558849,1.93034733262432,1.26217641296244,1.88971434419295,1.47750759678039,2.0221043541139,1.05814983277884,1.58975993733491,0.77148351990781,0.124342548417323
"60",70,"BVSP",2016-04-14,53150,53699,52242,52411,5492100,52411,-1.39040451552211,53228,52894,52908,51803,1.55883306939383,0.921562267462937,0.948274217244472,-1.16006181908378,-0.0052745947046571,-0.0176166678453194,-0.186962527992084,-0.716940502538408,0.0345785103315582,0.511538381756923,0.541305080566451,1.69106179486486,-0.553670087960946,NA,1.26416801263917,0.677053395851559,-1.17769336086847
"59",71,"BVSP",2016-04-15,52414,53390,52414,53228,5047800,53228,1.55302018544664,52894,53710,51862,50839,-0.627489291350417,0.905538438415871,-2.56631847899602,-4.48823927256331,-0.11377840182886,0.297191546515474,0.342914280069928,0.232599198847127,-0.334641917205561,-0.12241127864959,-0.155264001230255,0.763371352157037,-0.272190126789149,NA,0.761941975188043,0.306579167381013,-0.234400007024417
"58",72,"BVSP",2016-04-18,53229,53479,52305,52894,4385600,52894,-0.629356178023258,53710,53631,53083,50562,1.54270805762468,1.39335274322229,0.357318410405717,-4.40881763527054,0.746093207142829,-1.08964677769069,0.00252453362149323,-0.209088723962761,0.15290827734436,1.87854848985605,1.84373411671657,-1.48475330256488,0.15059533542324,-0.0650357172662811,-0.395538574890938,0.0943784684174251,1.10036769532961
"57",73,"BVSP",2016-04-19,52894,54054,52894,53710,5033900,53710,1.54270805762468,53631,52908,54478,50133,-0.147086203686464,-1.49320424501955,1.42990132191398,-6.65983988084156,0.226616726173412,1.6726407991495,0.614829146706083,4.71234531940949,0.816871047454161,1.76408049320593,0.992566370914834,1.75954457400144,-0.00895563616356323,NA,1.00639866877672,0.31877398672336,0.131927629505618
"56",74,"BVSP",2016-04-20,53711,53857,53149,53631,4554100,53631,-0.148945281227309,52908,51862,54312,49723,-1.34810091178609,-3.29846543976432,1.26978799574873,-7.28683037795305,0.0418688373951431,-0.284313460275235,-0.140073173942768,0.0747962443982844,0.0764964416736824,1.05356528210574,1.00233864567638,-0.863682910679458,-1.00923683623496,-0.378378190210552,0.524209759909987,0.509295803139313,0.00701942529240642
"55",75,"BVSP",2016-04-22,53630,53630,52629,52908,4259400,52908,-1.34626142084654,51862,53083,53911,49330,-1.97701670824828,0.330762833597944,1.89574355484993,-6.76268239207681,0.00430735984540492,0.125343370589351,-0.580182886599865,0.090344669108862,-1.11260853559339,-0.0359392312981031,-0.20004429857645,2.04419227018386,0.0880666661491082,-0.209904912616837,-0.68845736828396,-0.579056695276996,0.326834808849111
"54",76,"BVSP",2016-04-25,52911,52949,51748,51862,3693200,51862,-1.98257451191624,53083,54478,53562,49345,2.35432493926189,5.04415564382399,3.27792989086422,-4.85326443253249,-0.075624609883322,-0.0594823513934673,-0.491852954111904,-3.88130490042227,-0.784419383378724,-0.817123406183994,-0.346341129834494,-0.9893500268444,-0.486352614746873,-0.819201147111509,NA,NA,-0.844260468468898
"53",77,"BVSP",2016-04-26,51867,53108,51838,53083,3749400,53083,2.34445794050167,54478,54312,52260,49483,2.62795998718987,2.3152421679257,-1.55040220032779,-6.78183222500612,0.0889954695902136,-0.366579418216926,-0.0220013811392941,1.85231051822029,0.376944183254886,-0.967006907829635,-0.52270844854071,-0.0304244697346908,0.127455449516727,1.57149821294411,-0.301730278353371,-1.02503432800958,-1.06978062838969
"52",78,"BVSP",2016-04-27,53094,54560,53094,54478,4897900,54478,2.60669755527932,54312,53911,52553,49051,-0.30471015822901,-1.04078710672198,-3.53353647343882,-9.96181945005323,0.13476955809456,0.822151568521685,0.677750114113764,0.876477248743701,0.563289076298832,0.162698696270113,0.538251831657643,-0.45590624250088,-0.0502072958860198,0.414923241817009,-0.630193893085269,-0.666745038561534,0.789822124896728
"51",79,"BVSP",2016-04-28,54475,54978,53963,54312,4413500,54312,-0.299219825608077,53911,53562,51671,48964,-0.738326704963912,-1.38091029606717,-4.86264545588452,-9.84681101782295,-0.723117153215065,-0.896913337054372,1.05613642543099,-0.105283481563551,0.0395575885499207,0.968880549999364,0.820969260549741,-4.43224890104608,-0.469690653220542,-1.82212822628471,0.726713294579656,0.586183996017325,-0.278901622931989
"50",80,"BVSP",2016-04-29,54317,54705,53592,53911,4898400,53911,-0.747463961558996,53562,52260,51718,48472,-0.647363246832743,-3.06245478659272,-4.06781547365102,-10.0888501419005,-0.314700060140553,0.55015235241086,-0.507148671017388,-0.110917203825691,-1.27325068404064,-1.91979464783776,-1.58807518848172,NA,-0.6983127354624,-0.024561890709357,0.512885013637761,0.450665511387854,-0.0161839994299195
"49",81,"BVSP",2016-05-02,53910,54113,53265,53562,3286100,53562,-0.645520311630495,52260,52553,50990,49013,-2.43082782569732,-1.88379821515253,-4.80191180314402,-8.49296142787797,0.689832502313275,-0.170554122705294,-0.119736604469915,-1.30217632657895,NA,0.318096011147525,-0.291976378512865,-1.28213271920536,NA,-0.502509453186516,-0.175168399116979,-0.408378973154647,-0.427504693367507
"48",82,"BVSP",2016-05-03,53557,53557,52260,52260,3892400,52260,-2.42171891629479,52553,51671,53071,49887,0.560658247225411,-1.12705702257941,1.55185610409491,-4.54075774971297,-0.664834797758872,-0.128272723000383,-0.0591916291018231,-2.82536936360195,-0.901965825853133,-1.25122756355248,-1.42097001127396,NA,-1.82714979115874,-1.06054868471927,2.11329019645241,0.75369994090703,-0.139240444781805
"47",83,"BVSP",2016-05-04,52253,52672,51931,52553,4263800,52553,0.574129715040285,51671,51718,52764,50619,-1.67830571042567,-1.58887218617396,0.401499438661922,-3.6800943809107,-0.445562868595554,-0.657494579066898,0.050198421598003,0.409532903961749,-1.18986188621856,-0.977305357547669,-0.938564399564732,NA,-0.149198170894855,-0.432903250536931,-1.54469180791492,-0.27064103196939,0.289923262388048
"46",84,"BVSP",2016-05-05,52569,53071,51311,51671,0,51671,-1.70823108676216,51718,50990,53241,50432,0.0909601130227787,-1.31795397805345,3.03845483927154,-2.39786340500474,-0.113011425284376,-0.446110794516848,0.0274049289590174,0.925240735995994,0.086711469240832,0.0219311954398045,-0.0439653734063506,NA,0.422124978458313,0.295981371585401,0.151770974773092,0.761811420594967,NA
"45",85,"BVSP",2016-05-06,51671,52159,51204,51718,3296100,51718,0.0909601130227787,50990,53071,51804,50488,-1.40763370586643,2.61611044510615,0.166286399319386,-2.37828222282377,0.457564712271747,0.148487067349183,-0.351242389739783,0.680989387323993,0.137321862059705,0.658418985044286,0.25242523689383,-0.653502449070581,-1.21616453680713,0.0191489898771085,0.196908168112506,0.314399181330966,NA
"44",86,"BVSP",2016-05-09,51717,51717,49908,50990,4938400,50990,-1.405727323704,53071,52764,51803,51629,4.08119239066484,3.4791135516768,1.59443028044715,1.25318689939204,0.0554004506745364,0.09137243789094,-0.576389189697854,-1.3650335692044,-0.177945208759938,0.51665646219256,0.0027787789927154,-0.0650757251000852,-0.606954874663113,1.44945802048834,0.542331727135305,-0.212185418840403,-1.2312737128371
"43",87,"BVSP",2016-05-10,50994,53071,50994,53071,4079200,53071,4.07302819939601,52764,53241,50839,51118,-0.578470351039174,0.320325601552637,-4.20568672156168,-3.67997588136647,1.05496435300118,0.926485996985966,0.466091039708563,1.40679466134596,0.685229138094419,-0.120206876557514,0.00369188937884763,1.58018980837038,1.40388722405102,0.348669922122514,0.415351536265225,0.353516785495331,0.28618211020249
"42",88,"BVSP",2016-05-11,53072,53976,52736,52764,4350000,52764,-0.580343684051854,53241,51804,50562,49422,0.904025471912668,-1.81942233340914,-4.17329997725722,-6.33386399818058,-0.903862527420262,-0.343245492735424,-0.197844701162213,0.538310717048766,0.0942031415580347,-0.796388765102525,-0.42605808385198,-0.942304886355251,-1.43736070881229,0.188065611560472,0.552144962878691,0.495502894522617,0.393748983516098
"41",89,"BVSP",2016-05-12,52765,53798,52424,53241,4630400,53241,0.902113143182034,51804,51803,50133,49661,-2.69904772637629,-2.70092597809958,-5.83760635600383,-6.72414116939952,-0.148019520187275,0.376080844023605,0.144914908711595,-1.22827518306534,-0.946041460446242,-0.38162276899619,-0.0575038029638908,1.13398488794684,-0.92056944852118,0.411223439757216,-0.241982027657892,-0.339153214070947,0.158160493184171
"40",90,"BVSP",2016-05-13,53236,53250,51366,51804,4314300,51804,-2.68990908407844,51803,50839,49723,48648,-0.00193035286850436,-1.86279051810671,-4.01706431935758,-6.09219365299977,-0.770424969696967,-0.617277616914392,-0.270335307872343,-1.82566651705779,0.561904981885995,1.61381373378837,1.29479933832399,-2.33251023894283,-0.625903863359651,-0.972687373477169,-0.565368725439305,-0.0684875400696192,-0.822234392278958
"39",91,"BVSP",2016-05-16,51803,52305,51585,51803,3529500,51803,0,50839,50562,49330,48915,-1.8608960870992,-2.39561415362045,-4.77385479605428,-5.57496670077023,0.983610438877174,0.969990711296592,-0.366812836829195,0.565189274390844,0.210147462735198,NA,0.50411670711976,0.454373065232195,0.873486714265889,0.487409060329243,0.561079039219368,-0.0352767493437878,-0.293165838549936
"38",92,"BVSP",2016-05-17,51795,51946,50689,50839,3871100,50839,-1.845738005599,50562,50133,49345,49412,-0.544857294596668,-1.38869765337634,-2.93868880190405,-2.80690021440233,-0.863425292646345,0.0549466997605125,-0.407502304832976,-1.31906331164917,0.266604403245958,-1.26387404055679,-0.636747732944224,0.203692553325224,0.658222673364406,0.0678236318644886,0.69044021490663,0.506361733111701,-0.169093799392818
"37",93,"BVSP",2016-05-18,50836,51373,50301,50562,4072500,50562,-0.538988118656071,50133,49723,49483,49534,-0.848463272813575,-1.65934891815988,-2.13401368616748,-2.03314742296586,0.158972402002141,-0.697241858934659,-0.685311719957033,-1.55231126000431,-0.0324264739977241,1.17195848907279,1.0270330096895,0.200398890017941,-0.18129596565479,0.129049456419185,-0.73573838879563,0.111400374381972,0.263896917902386
"36",94,"BVSP",2016-05-19,50556,50556,49588,50133,3905500,50133,-0.836695941134583,49723,49330,49051,50329,-0.817824586599645,-1.60173937326711,-2.1582590309776,0.390960046276903,-0.203986971962517,-1.0972741041142,-0.79046524368643,-1.47365095405066,-1.82295738679111,-0.525506637628745,-0.226220769992418,-0.95672262808265,-0.178922663339637,-1.22159561895729,-0.614248698745673,-1.13166393297693,-0.618053090029285
"35",95,"BVSP",2016-05-20,50133,50822,49723,49723,3254500,49723,-0.817824586599645,49330,49345,48964,50838,-0.790378697986847,-0.760211572109487,-1.52645656939445,2.24242302355047,0.511296597960467,0.227151462783708,-0.0426189382888313,0.227281829318995,1.69986957190788,0.379909238264264,0.700334076089223,0.851819573297376,1.12312310270019,-0.497551681890153,0.525989537048064,0.0902420915602852,0.274744531643319
"34",96,"BVSP",2016-05-23,49709,49709,48695,49330,3412800,49330,-0.762437385584099,49345,49483,48472,50156,0.030407459963511,0.310156091627813,-1.73930670991283,1.67443746199068,-0.204165275862508,0.170135460800765,0.177305156220046,-1.52624512745732,-0.323244540232386,-0.496289138428191,-0.455478467256822,-0.100050438258818,0.10561097533118,-0.854148513090112,-0.605458564846743,-0.0302443615563054,0.614789782795121
"33",97,"BVSP",2016-05-24,49330,50002,49153,49345,3138900,49345,0.030407459963511,49483,49051,49013,51560,0.279663593069207,-0.595805046103962,-0.672813861586787,4.48880332353835,1.14048464753732,0.582466121190262,0.193013230260702,-0.779169557684915,1.35095339814767,2.63670487483511,2.83619661036789,-0.640042432921563,0.0121553087852788,0.192026195739457,-0.438056824330142,-0.508266255221971,-0.577817384143954
"32",98,"BVSP",2016-05-25,49347,50357,49347,49483,3472600,49483,0.275599327213407,49051,48964,49887,50105,-0.873027100216236,-1.04884505789867,0.816442010387406,1.25699735262615,0.558465526966109,0.471025504424258,0.0758416506897655,NA,0.701045107440362,0.609657769426734,0.533666195071785,-0.0417552733226347,1.04823899006032,1.76576185177051,1.4521470763822,0.302004929308533,0.825745149613999
"31",99,"BVSP",2016-05-27,49481,49805,48869,49051,2711800,49051,-0.869020432085043,48964,48472,50619,49246,-0.177366414548123,-1.18040406923406,3.19667285070641,0.397545411918208,0.430609635414309,0.182270957693182,-0.102754021782413,-0.0428806670696555,0.0813893075201518,0.27685379934224,0.362572216570513,0.0257855916342252,0.743057679314574,0.899721962494348,0.330353996329936,0.629605129342189,0.675024869406613
"30",100,"BVSP",2016-05-30,49051,49203,48799,48964,1169200,48964,-0.177366414548123,48472,49013,50432,50007,-1.00481986765787,0.100073523404951,2.99812106854015,2.13013642676252,NA,-0.221875860169469,0.0557306582738297,0.151151802660527,NA,0.386661999026421,0.494999185110543,0.555557792248437,0.515115977804114,0.115564330064903,0.0388482590886103,0.387557280313771,0.352330629597881
"29",101,"BVSP",2016-05-31,48963,49269,48292,48472,0,48472,-1.00279803116639,49013,49887,50488,51002,1.1161082686912,2.9192110909391,4.15910216207295,5.21950816966496,-0.151415968399894,-1.23125492406425,-0.383561584197644,-0.694179398150808,-0.637877164697654,-0.90187480252873,-0.589095828114705,1.20684695627327,0.959191928595165,-0.558544478936525,-0.543637241124262,0.228666630253465,-0.762324854914532
"28",102,"BVSP",2016-06-01,48468,49057,48200,49013,3290000,49013,1.12445324750351,49887,50619,51629,51527,1.78320037541061,3.27668169669271,5.33735947605737,5.12925142309183,0.257416026814299,0.195894380680545,-0.233818858395474,-0.459145541315284,-0.624316367359191,-0.374310899757009,-0.609608779148037,-0.827562774429027,0.166217756510656,0.110434121447944,-1.0300059865131,-0.304945305098689,0.787507276615361
"27",103,"BVSP",2016-06-02,49008,49906,48781,49887,3525800,49887,1.7935847208619,50619,50432,51118,52233,1.46731613446389,1.09246897989456,2.46757672339487,4.70262793914246,0.35991863224031,-0.0906292463694659,-0.281952581170168,0.714701446472759,-0.101742665413008,0.0862793633986568,-0.0635476790203826,-1.51456889257875,0.430481326720202,0.557652545490256,-0.83221166548669,-0.280509930394019,-0.067813122892276
"26",104,"BVSP",2016-06-03,49888,50634,49888,50619,3329400,50619,1.46528223220013,50432,50488,49422,52569,-0.369426499930856,-0.258796104229637,-2.36472470811355,3.85230842173887,-0.234791848196185,0.922398873413655,0.936943365735027,0.548137352900574,0.387997924530555,-1.31203185690971,-1.25172889599765,0.257361232965457,-0.0421827172214257,-0.283073366780488,0.757733632813256,0.303435754512908,0.175403122897566
"25",105,"BVSP",2016-06-06,50627,50924,50097,50432,0,50432,-0.385169968593833,50488,51629,49661,51842,0.111040609137056,2.37349302030457,-1.52879124365482,2.79584390862944,0.408402092575148,-0.155844116080055,0.800580430178973,0.478536297378645,1.02743820846932,0.158239404565959,0.371456335910454,1.26247444660631,0.281767561307449,-0.447584734306666,0.780236529444656,NA,0.688052730318382
"24",106,"BVSP",2016-06-07,50432,50641,50005,50488,2958800,50488,0.111040609137056,51629,51118,48648,51902,2.2599429567422,1.24782126445888,-3.64443035968943,2.80066550467438,0.0924068592649309,0.593967516065513,0.678849362689932,3.24043738248332,0.176939110743779,0.897491574778024,0.730288356481845,0.146527917792653,0.515007762723658,0.656383265707306,0.20335258298753,0.184075693731964,0.52449811259089
"23",107,"BVSP",2016-06-08,50490,51812,50490,51629,4206400,51629,2.25589225589226,51118,49422,48915,52015,-0.989753820527223,-4.2747293187937,-5.2567355555986,0.747641829204517,0.303409181493414,0.295308422089251,-0.0687333672035175,2.78172989868611,0.270506802450473,-0.287512702664237,-0.281305042606729,0.64840634667881,0.0169591541740453,-0.238432731044903,-0.018618506795755,-0.672275242840431,-0.244175586319215
"22",108,"BVSP",2016-06-09,51633,51633,50832,51118,3213200,51118,-0.997424127980168,49422,49661,49412,53141,-3.31781368598145,-2.85026800735553,-3.3373762666771,3.95751007472906,-0.0080316691263242,-1.30453265222863,-0.912396893162414,-0.715187730122765,-1.10450048401174,-0.938784774451902,-0.707911094798266,-0.439726509218276,NA,-0.855802841863532,-0.150839813780259,-0.389839031470125,-0.737101758958072
"21",109,"BVSP",2016-06-10,51117,51117,49421,49422,2977400,49422,-3.31592229590938,49661,48648,49534,NA,0.483590303913237,-1.56610416413743,0.22661972400955,NA,-0.639940820396585,-1.04792802703466,-0.587504748064785,-1.50750184417061,-1.86299682000252,-1.89602177071916,-1.91513280852671,-0.217282462991398,-0.929560775076844,-0.398282594410422,-0.919446556277772,0.017645379983051,-0.700877166625387
"20",110,"BVSP",2016-06-13,49419,49764,48804,49661,2630500,49661,0.489690200125458,48648,48915,50329,NA,-2.03983004772357,-1.50218481303236,1.34511991301021,NA,-0.606666236404928,-0.53178766169711,-0.357523778097079,-0.584157930936225,-1.15765406418498,-0.600464824859463,-0.633758506780752,-1.83791063073019,-0.651504871650479,-0.27013477370048,NA,-0.570079908074396,-0.636498937017623
"19",111,"BVSP",2016-06-14,49662,49894,48216,48648,3885000,48648,-2.04180258547783,48915,49412,50838,NA,0.548840651208683,1.5704653839829,4.5017266896892,NA,-0.0640374672071286,-0.811040731166729,-0.031464640839285,-1.09972082213449,-2.00992555831266,-0.791749678406578,-1.07491320003582,-0.888624072202861,-0.435717108427846,-0.327722314736146,-2.05737851492244,-1.30548693192147,0.499617027097765
"18",112,"BVSP",2016-06-15,48649,49415,48324,48915,5009800,48915,0.54677382885568,49412,49534,50156,NA,1.01604824695901,1.2654604926914,2.53705407339262,NA,-0.293612712372903,1.00642010998852,0.461688032882508,0.582121937846283,0.730983455727182,0.179782975397059,-0.027557546390771,0.762764919834993,1.52030959042988,0.851109683837377,-1.08007820241294,0.506516784329425,0.0747864462126277
"17",113,"BVSP",2016-06-16,48901,49412,48067,49412,3887200,49412,1.04496840555408,49534,50329,51560,NA,0.246903586173399,1.85582449607383,4.34712215656116,NA,0.562819760244242,0.461930257283942,0.116708526058225,-0.352376844735732,-0.273174993844119,0.738785490795357,0.886912814283982,-2.75391612313477,-1.21514087124065,-0.601694456724784,-0.021373161179192,0.0258434624828225,-0.100508693551921
"16",114,"BVSP",2016-06-17,49409,50191,49405,49534,4248900,49534,0.252990345888401,50329,50838,50105,NA,1.60495821052207,2.63253522832802,1.15274357007308,NA,-0.335866623259297,0.17360938618565,0.32442247729566,NA,1.18645656667507,0.108518001237352,0.344307782936037,-0.205541930385696,-0.366771165313984,-0.104823331000431,0.324527691410811,-0.60230635495139,0.195121168281753
"15",115,"BVSP",2016-06-20,49539,50782,49539,50329,3487000,50329,1.59470316316438,50838,50156,49246,NA,1.01134534761271,-0.343738202626716,-2.15184088696378,NA,0.369531490560011,1.04466743196578,0.145655498852293,NA,3.03764925052073,1.13119811873876,0.919973903565876,0.797018500006823,0.416834367781115,1.39566373737702,1.82268205485055,0.328315799865837,0.285375794746681
"14",116,"BVSP",2016-06-21,50326,50870,49678,50838,3349200,50838,1.01736676866828,50156,51560,50007,NA,-1.34151618867776,1.42019749006649,-1.63460403635076,NA,0.177919571116904,-0.1672413297781,0.207488416123521,4.62269408774745,0.364282688588006,0.721051385831224,0.723037162138307,1.84746976654495,0.711809374988099,-0.351726866694566,0.334806301416694,-0.438601824913692,0.108237777017078
"13",117,"BVSP",2016-06-22,50835,51239,50060,50156,3632900,50156,-1.33569391167503,51560,50105,51002,NA,2.79926628917777,-0.10168274982056,1.68673737937635,NA,-0.20576858475894,0.218720367908136,0.105784630071016,0.404182321605275,0.555682016757654,-0.135657078740392,-0.417654542772414,-0.186942091164413,1.17339884430183,-0.0971544050359018,-0.0663582599922474,-0.842909994096166,0.40968843785971
"12",118,"BVSP",2016-06-23,50161,51673,50161,51560,3166800,51560,2.78901935766831,50105,49246,51527,NA,-2.82195500387898,-4.48797517455392,-0.0640031031807603,NA,0.980505472073412,0.709772355165504,0.644064918576214,2.23779894444655,1.22819747979644,1.32932524995439,1.38987902762092,0.868020617584801,0.0275612953281238,0.930810113442982,0.184029501043452,0.584218453356939,-0.459214892113123
"11",119,"BVSP",2016-06-24,51561,51561,49544,50105,4139100,50105,-2.82383972382227,49246,50007,52233,NA,-1.71439976050294,-0.195589262548648,4.24708112962778,NA,-3.16140754796153,-2.67585354187029,-0.676572961641749,-2.13029047348321,-3.1460516545474,3.4591164710481,-0.190787342843881,-8.46003167713324,-1.09541240521406,0.114650578903599,-3.17192784696613,-2.25131844566996,-0.891280051666304
"10",120,"BVSP",2016-06-27,50106,50162,48954,49246,3228500,49246,-1.71636131401429,50007,51002,52569,NA,1.54530317183121,3.5657718393372,6.74775616293709,NA,-1.52156896529911,-1.35204316331627,NA,-1.06342413341475,-2.54939962905291,-2.60861463619237,-1.06634580455309,1.03035080786432,1.22426455281803,0.209316788966659,0.469373368628685,0.287207910541397,0.666227190154945
"9",121,"BVSP",2016-06-28,49252,50301,49252,50007,3406400,50007,1.53293267278486,51002,51527,51842,NA,1.98972143899854,3.03957445957566,3.66948627192193,NA,1.46610660222723,0.941245831812397,-0.763430734097329,0.76305090681074,2.64450706835631,-0.117352127291368,0.355638446761376,1.51330954745199,1.37551825114643,0.431229754679669,-0.659900115105417,0.624733264582109,0.952042282059063
"8",122,"BVSP",2016-06-29,50009,51229,50009,51002,3970100,51002,1.98564258433482,51527,52233,51902,NA,1.02937139720011,2.41363083800635,1.76463668091447,NA,1.37466183371193,1.65578336821695,1.03588489492809,3.30070970786965,3.57794605410701,0.571049056251965,1.35164784541058,0.280097209012102,1.08348452876469,0.425281084671667,0.766172839026463,1.30468008990214,1.51095158991832
"7",123,"BVSP",2016-06-30,51001,51619,50585,51527,4377800,51527,1.03135232642497,52233,52569,52015,NA,1.37015545248122,2.02224076697654,0.947076290100336,NA,1.23917411338943,1.09997163830389,0.437852603469791,0.277064357492302,2.26725530696199,1.19191609805513,1.32397566811602,-1.1222833368842,0.277378353436263,0.273157234070277,1.76960177610084,1.37164673768097,0.335389048188227
"6",124,"BVSP",2016-07-01,51540,52346,51411,52233,4116100,52233,1.34458672875437,52569,51842,53141,NA,0.643271495031876,-0.748568912373404,1.73836463538376,NA,0.171952273032578,0.522196227537671,0.847424294682359,2.84805312093051,1.13002171184512,0.341586986267618,0.302038151533504,-0.0989874039162312,NA,0.297735350432725,0.252229836190336,0.248803609516897,-1.11456642191749
"5",125,"BVSP",2016-07-04,52241,52918,52241,52569,0,52569,0.627859344193258,51842,51902,NA,NA,-1.38294432079743,-1.26880861344138,NA,NA,NA,-0.0258397774517723,-0.0183624452198433,0.367809470458361,-0.843747174515902,-0.903994531242851,-1.25079018304769,1.42573739969785,0.437480120036008,-0.130625733914086,0.670905087914321,0.212528533451907,NA
"4",126,"BVSP",2016-07-05,52565,52565,51510,51842,3121400,51842,-1.37543993151336,51902,52015,NA,NA,0.115736275606651,0.33370626133251,NA,NA,-0.31025511791962,-0.823842826501761,-0.28934722817334,-2.77470375852608,0.354171039213682,-1.27836388060139,-0.964571367687491,-0.081813206040306,-0.806896294868842,-0.635870443535615,-1.01858849229897,0.432794331554767,NA
"3",127,"BVSP",2016-07-06,51842,51909,50825,51902,3277000,51902,0.115736275606651,52015,53141,NA,NA,0.217718007013217,2.38719124503873,NA,NA,0.734015941966432,-1.12369129579603,-0.829858402189175,-0.370274296615209,-1.24972966090285,-0.807555724550712,-1.01521961669709,-0.359388842500232,0.0971344668246034,NA,-0.583397092578424,0.0895101813450654,NA
"2",128,"BVSP",2016-07-07,51902,52719,51888,52015,3712200,52015,0.217718007013217,53141,NA,NA,NA,2.16476016533692,NA,NA,NA,-0.119976961444947,0.207814891945026,0.101161064356985,-1.64759760623936,NA,-0.198034584911357,0.0571035840116605,-0.459830661728858,0.486445344508238,-0.031166770051183,0.584894699374702,0.42693024931297,NA
"1",129,"BVSP",2016-07-08,52020,53166,52020,53141,2995500,53141,2.15494040753556,NA,NA,NA,NA,NA,NA,NA,NA,1.08828940685459,0.773259395078437,0.706579150025721,NA,NA,2.52826766966077,2.04620009022624,-1.43447297184402,-0.284442803330739,-0.605663276431469,0.0497350379452596,-0.105738960735403,NA
